seed,variant,step,entity_retention,semantic_drift,hallucination_proxy,vocab_collapse
0,uncontrolled,0,0.15565,0.512399,0.0,0.9125
0,uncontrolled,1,0.153518,0.472784,0.0,0.9
0,uncontrolled,2,0.15565,0.492207,0.0,0.9125
0,uncontrolled,3,0.159915,0.496494,0.0,0.9375
0,uncontrolled,4,0.15565,0.477931,0.0,0.9125
0,uncontrolled,5,0.157783,0.493511,0.0,0.925
0,uncontrolled,6,0.164179,0.500726,0.0,0.9625
0,uncontrolled,7,0.15565,0.481186,0.0,0.9125
0,uncontrolled,8,0.162047,0.484285,0.0,0.95
0,uncontrolled,9,0.153518,0.494005,0.0,0.9
0,uncontrolled,10,0.164179,0.530728,0.0,0.9625
0,uncontrolled,11,0.157783,0.491262,0.0,0.925
0,uncontrolled,12,0.157783,0.511694,0.0,0.925
0,uncontrolled,13,0.153518,0.49727,0.0,0.9
0,uncontrolled,14,0.15565,0.475972,0.0,0.9125
0,uncontrolled,15,0.147122,0.528783,0.0,0.8625
0,uncontrolled,16,0.162047,0.463127,0.0,0.95
0,uncontrolled,17,0.15565,0.515187,0.0,0.9125
0,uncontrolled,18,0.157783,0.480005,0.0,0.925
0,uncontrolled,19,0.151386,0.487517,0.0,0.8875
0,uncontrolled,20,0.157783,0.513305,0.0,0.925
0,uncontrolled,21,0.144989,0.537373,0.0,0.85
0,uncontrolled,22,0.15565,0.492214,0.0,0.9125
0,uncontrolled,23,0.157783,0.502534,0.0,0.925
0,uncontrolled,24,0.153518,0.458971,0.0,0.9
0,uncontrolled,25,0.157783,0.495284,0.0,0.925
0,uncontrolled,26,0.15565,0.492414,0.0,0.9125
0,uncontrolled,27,0.162047,0.496921,0.0,0.95
0,uncontrolled,28,0.151386,0.512015,0.0,0.8875
0,uncontrolled,29,0.151386,0.500104,0.0,0.8875
0,uncontrolled,30,0.15565,0.516905,0.0,0.9125
0,oea_controlled,0,0.15565,0.488789,0.0,0.9125
0,oea_controlled,1,0.162047,0.458062,0.0,0.95
0,oea_controlled,2,0.159915,0.506268,0.0,0.9375
0,oea_controlled,3,0.153518,0.498536,0.0,0.9
0,oea_controlled,4,0.15565,0.50778,0.0,0.9125
0,oea_controlled,5,0.159915,0.460703,0.0,0.9375
0,oea_controlled,6,0.153518,0.514064,0.0,0.9
0,oea_controlled,7,0.15565,0.47836,0.0,0.9125
0,oea_controlled,8,0.15565,0.462152,0.0,0.9125
0,oea_controlled,9,0.153518,0.468531,0.0,0.9
0,oea_controlled,10,0.162047,0.475915,0.0,0.95
0,oea_controlled,11,0.159915,0.472105,0.0,0.9375
0,oea_controlled,12,0.162047,0.504076,0.0,0.95
0,oea_controlled,13,0.153518,0.453235,0.0,0.9
0,oea_controlled,14,0.157783,0.482352,0.0,0.925
0,oea_controlled,15,0.162047,0.455256,0.0,0.95
0,oea_controlled,16,0.15565,0.486832,0.0,0.9125
0,oea_controlled,17,0.15565,0.470343,0.0,0.9125
0,oea_controlled,18,0.157783,0.465564,0.0,0.925
0,oea_controlled,19,0.15565,0.501228,0.0,0.9125
0,oea_controlled,20,0.15565,0.485204,0.0,0.9125
0,oea_controlled,21,0.159915,0.484377,0.0,0.9375
0,oea_controlled,22,0.166311,0.487067,0.0,0.975
0,oea_controlled,23,0.157783,0.501442,0.0,0.925
0,oea_controlled,24,0.15565,0.509851,0.0,0.9125
0,oea_controlled,25,0.159915,0.499605,0.0,0.9375
0,oea_controlled,26,0.153518,0.503111,0.0,0.9
0,oea_controlled,27,0.151386,0.476354,0.0,0.8875
0,oea_controlled,28,0.157783,0.507038,0.0,0.925
0,oea_controlled,29,0.15565,0.456067,0.0,0.9125
0,oea_controlled,30,0.162047,0.497687,0.0,0.95
1,uncontrolled,0,0.153518,0.520955,0.0,0.9
1,uncontrolled,1,0.15565,0.507472,0.0,0.9125
1,uncontrolled,2,0.147122,0.53118,0.0,0.8625
1,uncontrolled,3,0.149254,0.4563,0.0,0.875
1,uncontrolled,4,0.162047,0.481635,0.0,0.95
1,uncontrolled,5,0.147122,0.510365,0.0,0.8625
1,uncontrolled,6,0.157783,0.461802,0.0,0.925
1,uncontrolled,7,0.15565,0.487415,0.0,0.9125
1,uncontrolled,8,0.153518,0.462279,0.0,0.9
1,uncontrolled,9,0.15565,0.499255,0.0,0.9125
1,uncontrolled,10,0.153518,0.528381,0.0,0.9
1,uncontrolled,11,0.159915,0.496102,0.0,0.9375
1,uncontrolled,12,0.164179,0.462202,0.0,0.9625
1,uncontrolled,13,0.164179,0.492126,0.0,0.9625
1,uncontrolled,14,0.162047,0.47243,0.0,0.95
1,uncontrolled,15,0.151386,0.509868,0.0,0.8875
1,uncontrolled,16,0.159915,0.457594,0.0,0.9375
1,uncontrolled,17,0.157783,0.477445,0.0,0.925
1,uncontrolled,18,0.151386,0.497393,0.0,0.8875
1,uncontrolled,19,0.147122,0.500496,0.0,0.8625
1,uncontrolled,20,0.159915,0.484316,0.0,0.9375
1,uncontrolled,21,0.153518,0.482649,0.0,0.9
1,uncontrolled,22,0.15565,0.510911,0.0,0.9125
1,uncontrolled,23,0.153518,0.512756,0.0,0.9
1,uncontrolled,24,0.153518,0.462959,0.0,0.9
1,uncontrolled,25,0.151386,0.490044,0.0,0.8875
1,uncontrolled,26,0.157783,0.511996,0.0,0.925
1,uncontrolled,27,0.164179,0.473634,0.0,0.9625
1,uncontrolled,28,0.164179,0.498807,0.0,0.9625
1,uncontrolled,29,0.159915,0.461683,0.0,0.9375
1,uncontrolled,30,0.15565,0.522976,0.0,0.9125
1,oea_controlled,0,0.15565,0.508264,0.0,0.9125
1,oea_controlled,1,0.151386,0.489813,0.0,0.8875
1,oea_controlled,2,0.159915,0.468955,0.0,0.9375
1,oea_controlled,3,0.153518,0.49396,0.0,0.9
1,oea_controlled,4,0.147122,0.49291,0.0,0.8625
1,oea_controlled,5,0.162047,0.48344,0.0,0.95
1,oea_controlled,6,0.166311,0.448602,0.0,0.975
1,oea_controlled,7,0.157783,0.468623,0.0,0.925
1,oea_controlled,8,0.157783,0.461503,0.0,0.925
1,oea_controlled,9,0.149254,0.457438,0.0,0.875
1,oea_controlled,10,0.153518,0.421561,0.0,0.9
1,oea_controlled,11,0.157783,0.48224,0.0,0.925
1,oea_controlled,12,0.164179,0.489088,0.0,0.9625
1,oea_controlled,13,0.162047,0.461972,0.0,0.95
1,oea_controlled,14,0.162047,0.488789,0.0,0.95
1,oea_controlled,15,0.157783,0.480402,0.0,0.925
1,oea_controlled,16,0.149254,0.494413,0.0,0.875
1,oea_controlled,17,0.151386,0.486535,0.0,0.8875
1,oea_controlled,18,0.151386,0.476825,0.0,0.8875
1,oea_controlled,19,0.138593,0.50848,0.0,0.8125
1,oea_controlled,20,0.159915,0.480123,0.0,0.9375
1,oea_controlled,21,0.159915,0.494611,0.0,0.9375
1,oea_controlled,22,0.15565,0.48049,0.0,0.9125
1,oea_controlled,23,0.157783,0.495605,0.0,0.925
1,oea_controlled,24,0.149254,0.518534,0.0,0.875
1,oea_controlled,25,0.162047,0.48169,0.0,0.95
1,oea_controlled,26,0.157783,0.498551,0.0,0.925
1,oea_controlled,27,0.151386,0.47501,0.0,0.8875
1,oea_controlled,28,0.159915,0.480313,0.0,0.9375
1,oea_controlled,29,0.162047,0.444001,0.0,0.95
1,oea_controlled,30,0.153518,0.505833,0.0,0.9
2,uncontrolled,0,0.157783,0.507827,0.0,0.925
2,uncontrolled,1,0.151386,0.482835,0.0,0.8875
2,uncontrolled,2,0.15565,0.504524,0.0,0.9125
2,uncontrolled,3,0.159915,0.443633,0.0,0.9375
2,uncontrolled,4,0.157783,0.498044,0.0,0.925
2,uncontrolled,5,0.15565,0.505073,0.0,0.9125
2,uncontrolled,6,0.151386,0.498108,0.0,0.8875
2,uncontrolled,7,0.15565,0.495245,0.0,0.9125
2,uncontrolled,8,0.157783,0.450266,0.0,0.925
2,uncontrolled,9,0.15565,0.509015,0.0,0.9125
2,uncontrolled,10,0.159915,0.48872,0.0,0.9375
2,uncontrolled,11,0.164179,0.477,0.0,0.9625
2,uncontrolled,12,0.159915,0.484145,0.0,0.9375
2,uncontrolled,13,0.159915,0.507743,0.0,0.9375
2,uncontrolled,14,0.153518,0.467557,0.0,0.9
2,uncontrolled,15,0.15565,0.504889,0.0,0.9125
2,uncontrolled,16,0.149254,0.493224,0.0,0.875
2,uncontrolled,17,0.153518,0.512134,0.0,0.9
2,uncontrolled,18,0.162047,0.49563,0.0,0.95
2,uncontrolled,19,0.157783,0.474434,0.0,0.925
2,uncontrolled,20,0.15565,0.516793,0.0,0.9125
2,uncontrolled,21,0.15565,0.49234,0.0,0.9125
2,uncontrolled,22,0.157783,0.493728,0.0,0.925
2,uncontrolled,23,0.157783,0.504081,0.0,0.925
2,uncontrolled,24,0.159915,0.471562,0.0,0.9375
2,uncontrolled,25,0.147122,0.49223,0.0,0.8625
2,uncontrolled,26,0.162047,0.509122,0.0,0.95
2,uncontrolled,27,0.157783,0.477962,0.0,0.925
2,uncontrolled,28,0.15565,0.455941,0.0,0.9125
2,uncontrolled,29,0.157783,0.47833,0.0,0.925
2,uncontrolled,30,0.15565,0.495842,0.0,0.9125
2,oea_controlled,0,0.149254,0.483146,0.0,0.875
2,oea_controlled,1,0.151386,0.49351,0.0,0.8875
2,oea_controlled,2,0.15565,0.465902,0.0,0.9125
2,oea_controlled,3,0.164179,0.493711,0.0,0.9625
2,oea_controlled,4,0.157783,0.439783,0.0,0.925
2,oea_controlled,5,0.153518,0.487529,0.0,0.9
2,oea_controlled,6,0.162047,0.490592,0.0,0.95
2,oea_controlled,7,0.144989,0.480394,0.0,0.85
2,oea_controlled,8,0.157783,0.49571,0.0,0.925
2,oea_controlled,9,0.162047,0.496164,0.0,0.95
2,oea_controlled,10,0.15565,0.495933,0.0,0.9125
2,oea_controlled,11,0.157783,0.452956,0.0,0.925
2,oea_controlled,12,0.153518,0.464776,0.0,0.9
2,oea_controlled,13,0.15565,0.468162,0.0,0.9125
2,oea_controlled,14,0.157783,0.481213,0.0,0.925
2,oea_controlled,15,0.15565,0.502805,0.0,0.9125
2,oea_controlled,16,0.157783,0.511517,0.0,0.925
2,oea_controlled,17,0.157783,0.493639,0.0,0.925
2,oea_controlled,18,0.162047,0.478495,0.0,0.95
2,oea_controlled,19,0.157783,0.451118,0.0,0.925
2,oea_controlled,20,0.162047,0.452196,0.0,0.95
2,oea_controlled,21,0.15565,0.492226,0.0,0.9125
2,oea_controlled,22,0.162047,0.478584,0.0,0.95
2,oea_controlled,23,0.15565,0.504244,0.0,0.9125
2,oea_controlled,24,0.157783,0.505549,0.0,0.925
2,oea_controlled,25,0.162047,0.467436,0.0,0.95
2,oea_controlled,26,0.157783,0.486196,0.0,0.925
2,oea_controlled,27,0.157783,0.471542,0.0,0.925
2,oea_controlled,28,0.147122,0.485241,0.0,0.8625
2,oea_controlled,29,0.164179,0.476859,0.0,0.9625
2,oea_controlled,30,0.157783,0.492175,0.0,0.925
3,uncontrolled,0,0.159915,0.493855,0.0,0.9375
3,uncontrolled,1,0.159915,0.492139,0.0,0.9375
3,uncontrolled,2,0.153518,0.483479,0.0,0.9
3,uncontrolled,3,0.157783,0.51239,0.0,0.925
3,uncontrolled,4,0.157783,0.499124,0.0,0.925
3,uncontrolled,5,0.159915,0.484581,0.0,0.9375
3,uncontrolled,6,0.15565,0.460051,0.0,0.9125
3,uncontrolled,7,0.15565,0.507748,0.0,0.9125
3,uncontrolled,8,0.153518,0.523628,0.0,0.9
3,uncontrolled,9,0.149254,0.534327,0.0,0.875
3,uncontrolled,10,0.157783,0.485459,0.0,0.925
3,uncontrolled,11,0.15565,0.480761,0.0,0.9125
3,uncontrolled,12,0.15565,0.500537,0.0,0.9125
3,uncontrolled,13,0.157783,0.509286,0.0,0.925
3,uncontrolled,14,0.15565,0.494411,0.0,0.9125
3,uncontrolled,15,0.162047,0.511182,0.0,0.95
3,uncontrolled,16,0.157783,0.524697,0.0,0.925
3,uncontrolled,17,0.162047,0.486639,0.0,0.95
3,uncontrolled,18,0.15565,0.529092,0.0,0.9125
3,uncontrolled,19,0.157783,0.479579,0.0,0.925
3,uncontrolled,20,0.157783,0.490733,0.0,0.925
3,uncontrolled,21,0.159915,0.455873,0.0,0.9375
3,uncontrolled,22,0.159915,0.448529,0.0,0.9375
3,uncontrolled,23,0.164179,0.499075,0.0,0.9625
3,uncontrolled,24,0.151386,0.535557,0.0,0.8875
3,uncontrolled,25,0.162047,0.493283,0.0,0.95
3,uncontrolled,26,0.166311,0.532852,0.0,0.975
3,uncontrolled,27,0.153518,0.50271,0.0,0.9
3,uncontrolled,28,0.15565,0.47797,0.0,0.9125
3,uncontrolled,29,0.15565,0.512453,0.0,0.9125
3,uncontrolled,30,0.157783,0.521366,0.0,0.925
3,oea_controlled,0,0.149254,0.486495,0.0,0.875
3,oea_controlled,1,0.157783,0.499739,0.0,0.925
3,oea_controlled,2,0.15565,0.481394,0.0,0.9125
3,oea_controlled,3,0.159915,0.466518,0.0,0.9375
3,oea_controlled,4,0.15565,0.47579,0.0,0.9125
3,oea_controlled,5,0.159915,0.480094,0.0,0.9375
3,oea_controlled,6,0.153518,0.500012,0.0,0.9
3,oea_controlled,7,0.153518,0.455424,0.0,0.9
3,oea_controlled,8,0.144989,0.495601,0.0,0.85
3,oea_controlled,9,0.151386,0.488525,0.0,0.8875
3,oea_controlled,10,0.157783,0.462726,0.0,0.925
3,oea_controlled,11,0.159915,0.500929,0.0,0.9375
3,oea_controlled,12,0.164179,0.471404,0.0,0.9625
3,oea_controlled,13,0.140725,0.486223,0.0,0.825
3,oea_controlled,14,0.153518,0.460829,0.0,0.9
3,oea_controlled,15,0.162047,0.475,0.0,0.95
3,oea_controlled,16,0.157783,0.470742,0.0,0.925
3,oea_controlled,17,0.15565,0.470537,0.0,0.9125
3,oea_controlled,18,0.157783,0.508154,0.0,0.925
3,oea_controlled,19,0.166311,0.462811,0.0,0.975
3,oea_controlled,20,0.157783,0.4461,0.0,0.925
3,oea_controlled,21,0.153518,0.467968,0.0,0.9
3,oea_controlled,22,0.15565,0.483868,0.0,0.9125
3,oea_controlled,23,0.157783,0.43666,0.0,0.925
3,oea_controlled,24,0.157783,0.481887,0.0,0.925
3,oea_controlled,25,0.159915,0.478915,0.0,0.9375
3,oea_controlled,26,0.159915,0.495426,0.0,0.9375
3,oea_controlled,27,0.157783,0.511177,0.0,0.925
3,oea_controlled,28,0.159915,0.460229,0.0,0.9375
3,oea_controlled,29,0.157783,0.513879,0.0,0.925
3,oea_controlled,30,0.147122,0.485425,0.0,0.8625
4,uncontrolled,0,0.149254,0.516745,0.0,0.875
4,uncontrolled,1,0.164179,0.469273,0.0,0.9625
4,uncontrolled,2,0.159915,0.473258,0.0,0.9375
4,uncontrolled,3,0.153518,0.528357,0.0,0.9
4,uncontrolled,4,0.159915,0.506274,0.0,0.9375
4,uncontrolled,5,0.157783,0.514237,0.0,0.925
4,uncontrolled,6,0.149254,0.463043,0.0,0.875
4,uncontrolled,7,0.151386,0.451445,0.0,0.8875
4,uncontrolled,8,0.142857,0.503615,0.0,0.8375
4,uncontrolled,9,0.170576,0.49829,0.0,1.0
4,uncontrolled,10,0.151386,0.515775,0.0,0.8875
4,uncontrolled,11,0.157783,0.508874,0.0,0.925
4,uncontrolled,12,0.147122,0.512962,0.0,0.8625
4,uncontrolled,13,0.162047,0.501752,0.0,0.95
4,uncontrolled,14,0.153518,0.463183,0.0,0.9
4,uncontrolled,15,0.157783,0.51778,0.0,0.925
4,uncontrolled,16,0.164179,0.496247,0.0,0.9625
4,uncontrolled,17,0.157783,0.496289,0.0,0.925
4,uncontrolled,18,0.157783,0.484404,0.0,0.925
4,uncontrolled,19,0.168443,0.473273,0.0,0.9875
4,uncontrolled,20,0.15565,0.513034,0.0,0.9125
4,uncontrolled,21,0.168443,0.493828,0.0,0.9875
4,uncontrolled,22,0.149254,0.511853,0.0,0.875
4,uncontrolled,23,0.15565,0.493951,0.0,0.9125
4,uncontrolled,24,0.15565,0.460274,0.0,0.9125
4,uncontrolled,25,0.153518,0.507933,0.0,0.9
4,uncontrolled,26,0.157783,0.491098,0.0,0.925
4,uncontrolled,27,0.153518,0.471517,0.0,0.9
4,uncontrolled,28,0.153518,0.517424,0.0,0.9
4,uncontrolled,29,0.153518,0.479967,0.0,0.9
4,uncontrolled,30,0.166311,0.499078,0.0,0.975
4,oea_controlled,0,0.157783,0.506956,0.0,0.925
4,oea_controlled,1,0.144989,0.508071,0.0,0.85
4,oea_controlled,2,0.15565,0.474051,0.0,0.9125
4,oea_controlled,3,0.159915,0.470187,0.0,0.9375
4,oea_controlled,4,0.159915,0.474326,0.0,0.9375
4,oea_controlled,5,0.157783,0.49926,0.0,0.925
4,oea_controlled,6,0.15565,0.461068,0.0,0.9125
4,oea_controlled,7,0.15565,0.430506,0.0,0.9125
4,oea_controlled,8,0.159915,0.506506,0.0,0.9375
4,oea_controlled,9,0.157783,0.511942,0.0,0.925
4,oea_controlled,10,0.15565,0.496741,0.0,0.9125
4,oea_controlled,11,0.157783,0.470216,0.0,0.925
4,oea_controlled,12,0.157783,0.469214,0.0,0.925
4,oea_controlled,13,0.153518,0.480587,0.0,0.9
4,oea_controlled,14,0.166311,0.48213,0.0,0.975
4,oea_controlled,15,0.162047,0.511741,0.0,0.95
4,oea_controlled,16,0.159915,0.469187,0.0,0.9375
4,oea_controlled,17,0.159915,0.466203,0.0,0.9375
4,oea_controlled,18,0.162047,0.435425,0.0,0.95
4,oea_controlled,19,0.159915,0.480028,0.0,0.9375
4,oea_controlled,20,0.157783,0.468636,0.0,0.925
4,oea_controlled,21,0.15565,0.457155,0.0,0.9125
4,oea_controlled,22,0.149254,0.458556,0.0,0.875
4,oea_controlled,23,0.162047,0.50825,0.0,0.95
4,oea_controlled,24,0.157783,0.459075,0.0,0.925
4,oea_controlled,25,0.15565,0.504618,0.0,0.9125
4,oea_controlled,26,0.157783,0.46735,0.0,0.925
4,oea_controlled,27,0.162047,0.486842,0.0,0.95
4,oea_controlled,28,0.157783,0.471483,0.0,0.925
4,oea_controlled,29,0.157783,0.473772,0.0,0.925
4,oea_controlled,30,0.157783,0.474467,0.0,0.925
5,uncontrolled,0,0.164179,0.481823,0.0,0.9625
5,uncontrolled,1,0.157783,0.502694,0.0,0.925
5,uncontrolled,2,0.159915,0.48613,0.0,0.9375
5,uncontrolled,3,0.153518,0.50831,0.0,0.9
5,uncontrolled,4,0.151386,0.462326,0.0,0.8875
5,uncontrolled,5,0.159915,0.526958,0.0,0.9375
5,uncontrolled,6,0.159915,0.474867,0.0,0.9375
5,uncontrolled,7,0.157783,0.461421,0.0,0.925
5,uncontrolled,8,0.162047,0.466732,0.0,0.95
5,uncontrolled,9,0.157783,0.503567,0.0,0.925
5,uncontrolled,10,0.166311,0.473017,0.0,0.975
5,uncontrolled,11,0.149254,0.508099,0.0,0.875
5,uncontrolled,12,0.157783,0.478847,0.0,0.925
5,uncontrolled,13,0.15565,0.472222,0.0,0.9125
5,uncontrolled,14,0.164179,0.489027,0.0,0.9625
5,uncontrolled,15,0.15565,0.466919,0.0,0.9125
5,uncontrolled,16,0.157783,0.496684,0.0,0.925
5,uncontrolled,17,0.162047,0.473334,0.0,0.95
5,uncontrolled,18,0.157783,0.509613,0.0,0.925
5,uncontrolled,19,0.149254,0.470654,0.0,0.875
5,uncontrolled,20,0.162047,0.504227,0.0,0.95
5,uncontrolled,21,0.15565,0.505733,0.0,0.9125
5,uncontrolled,22,0.157783,0.510315,0.0,0.925
5,uncontrolled,23,0.157783,0.456312,0.0,0.925
5,uncontrolled,24,0.159915,0.502112,0.0,0.9375
5,uncontrolled,25,0.157783,0.497671,0.0,0.925
5,uncontrolled,26,0.15565,0.503104,0.0,0.9125
5,uncontrolled,27,0.149254,0.492525,0.0,0.875
5,uncontrolled,28,0.159915,0.515474,0.0,0.9375
5,uncontrolled,29,0.151386,0.503144,0.0,0.8875
5,uncontrolled,30,0.153518,0.492818,0.0,0.9
5,oea_controlled,0,0.166311,0.508999,0.0,0.975
5,oea_controlled,1,0.15565,0.456199,0.0,0.9125
5,oea_controlled,2,0.157783,0.499372,0.0,0.925
5,oea_controlled,3,0.159915,0.45551,0.0,0.9375
5,oea_controlled,4,0.153518,0.461569,0.0,0.9
5,oea_controlled,5,0.162047,0.473272,0.0,0.95
5,oea_controlled,6,0.164179,0.468829,0.0,0.9625
5,oea_controlled,7,0.164179,0.484527,0.0,0.9625
5,oea_controlled,8,0.15565,0.503994,0.0,0.9125
5,oea_controlled,9,0.151386,0.454234,0.0,0.8875
5,oea_controlled,10,0.153518,0.460607,0.0,0.9
5,oea_controlled,11,0.162047,0.477062,0.0,0.95
5,oea_controlled,12,0.157783,0.493097,0.0,0.925
5,oea_controlled,13,0.166311,0.460576,0.0,0.975
5,oea_controlled,14,0.15565,0.490508,0.0,0.9125
5,oea_controlled,15,0.162047,0.461725,0.0,0.95
5,oea_controlled,16,0.162047,0.446835,0.0,0.95
5,oea_controlled,17,0.157783,0.483388,0.0,0.925
5,oea_controlled,18,0.15565,0.49747,0.0,0.9125
5,oea_controlled,19,0.157783,0.508304,0.0,0.925
5,oea_controlled,20,0.151386,0.477876,0.0,0.8875
5,oea_controlled,21,0.164179,0.454344,0.0,0.9625
5,oea_controlled,22,0.157783,0.466848,0.0,0.925
5,oea_controlled,23,0.15565,0.467975,0.0,0.9125
5,oea_controlled,24,0.157783,0.485142,0.0,0.925
5,oea_controlled,25,0.162047,0.484429,0.0,0.95
5,oea_controlled,26,0.166311,0.491431,0.0,0.975
5,oea_controlled,27,0.162047,0.501194,0.0,0.95
5,oea_controlled,28,0.157783,0.466756,0.0,0.925
5,oea_controlled,29,0.157783,0.459779,0.0,0.925
5,oea_controlled,30,0.157783,0.499161,0.0,0.925
6,uncontrolled,0,0.166311,0.467844,0.0,0.975
6,uncontrolled,1,0.157783,0.476882,0.0,0.925
6,uncontrolled,2,0.147122,0.484951,0.0,0.8625
6,uncontrolled,3,0.153518,0.509175,0.0,0.9
6,uncontrolled,4,0.153518,0.492521,0.0,0.9
6,uncontrolled,5,0.157783,0.536695,0.0,0.925
6,uncontrolled,6,0.153518,0.516684,0.0,0.9
6,uncontrolled,7,0.159915,0.471435,0.0,0.9375
6,uncontrolled,8,0.151386,0.480939,0.0,0.8875
6,uncontrolled,9,0.147122,0.517197,0.0,0.8625
6,uncontrolled,10,0.157783,0.513961,0.0,0.925
6,uncontrolled,11,0.157783,0.512485,0.0,0.925
6,uncontrolled,12,0.164179,0.454959,0.0,0.9625
6,uncontrolled,13,0.15565,0.498066,0.0,0.9125
6,uncontrolled,14,0.159915,0.478009,0.0,0.9375
6,uncontrolled,15,0.15565,0.48713,0.0,0.9125
6,uncontrolled,16,0.157783,0.498633,0.0,0.925
6,uncontrolled,17,0.157783,0.47272,0.0,0.925
6,uncontrolled,18,0.15565,0.508521,0.0,0.9125
6,uncontrolled,19,0.162047,0.484521,0.0,0.95
6,uncontrolled,20,0.15565,0.503637,0.0,0.9125
6,uncontrolled,21,0.157783,0.498319,0.0,0.925
6,uncontrolled,22,0.162047,0.505737,0.0,0.95
6,uncontrolled,23,0.153518,0.495999,0.0,0.9
6,uncontrolled,24,0.153518,0.519641,0.0,0.9
6,uncontrolled,25,0.149254,0.501723,0.0,0.875
6,uncontrolled,26,0.153518,0.510813,0.0,0.9
6,uncontrolled,27,0.151386,0.497228,0.0,0.8875
6,uncontrolled,28,0.159915,0.480703,0.0,0.9375
6,uncontrolled,29,0.149254,0.510779,0.0,0.875
6,uncontrolled,30,0.157783,0.476107,0.0,0.925
6,oea_controlled,0,0.149254,0.462862,0.0,0.875
6,oea_controlled,1,0.153518,0.485224,0.0,0.9
6,oea_controlled,2,0.153518,0.506123,0.0,0.9
6,oea_controlled,3,0.162047,0.485851,0.0,0.95
6,oea_controlled,4,0.15565,0.488335,0.0,0.9125
6,oea_controlled,5,0.157783,0.465606,0.0,0.925
6,oea_controlled,6,0.153518,0.458634,0.0,0.9
6,oea_controlled,7,0.153518,0.455502,0.0,0.9
6,oea_controlled,8,0.149254,0.493859,0.0,0.875
6,oea_controlled,9,0.159915,0.478943,0.0,0.9375
6,oea_controlled,10,0.153518,0.447065,0.0,0.9
6,oea_controlled,11,0.153518,0.482206,0.0,0.9
6,oea_controlled,12,0.15565,0.499455,0.0,0.9125
6,oea_controlled,13,0.15565,0.483658,0.0,0.9125
6,oea_controlled,14,0.159915,0.468269,0.0,0.9375
6,oea_controlled,15,0.157783,0.469775,0.0,0.925
6,oea_controlled,16,0.164179,0.455974,0.0,0.9625
6,oea_controlled,17,0.159915,0.481529,0.0,0.9375
6,oea_controlled,18,0.159915,0.49288,0.0,0.9375
6,oea_controlled,19,0.153518,0.484873,0.0,0.9
6,oea_controlled,20,0.159915,0.505956,0.0,0.9375
6,oea_controlled,21,0.149254,0.493874,0.0,0.875
6,oea_controlled,22,0.157783,0.496508,0.0,0.925
6,oea_controlled,23,0.157783,0.505315,0.0,0.925
6,oea_controlled,24,0.151386,0.540407,0.0,0.8875
6,oea_controlled,25,0.162047,0.480603,0.0,0.95
6,oea_controlled,26,0.15565,0.489204,0.0,0.9125
6,oea_controlled,27,0.162047,0.490352,0.0,0.95
6,oea_controlled,28,0.162047,0.475532,0.0,0.95
6,oea_controlled,29,0.15565,0.486707,0.0,0.9125
6,oea_controlled,30,0.151386,0.468232,0.0,0.8875
7,uncontrolled,0,0.157783,0.47314,0.0,0.925
7,uncontrolled,1,0.153518,0.507086,0.0,0.9
7,uncontrolled,2,0.15565,0.51796,0.0,0.9125
7,uncontrolled,3,0.157783,0.499928,0.0,0.925
7,uncontrolled,4,0.162047,0.493133,0.0,0.95
7,uncontrolled,5,0.151386,0.491019,0.0,0.8875
7,uncontrolled,6,0.159915,0.506981,0.0,0.9375
7,uncontrolled,7,0.15565,0.500597,0.0,0.9125
7,uncontrolled,8,0.164179,0.472453,0.0,0.9625
7,uncontrolled,9,0.159915,0.522434,0.0,0.9375
7,uncontrolled,10,0.15565,0.509413,0.0,0.9125
7,uncontrolled,11,0.15565,0.498468,0.0,0.9125
7,uncontrolled,12,0.159915,0.51693,0.0,0.9375
7,uncontrolled,13,0.151386,0.519567,0.0,0.8875
7,uncontrolled,14,0.159915,0.48985,0.0,0.9375
7,uncontrolled,15,0.164179,0.481737,0.0,0.9625
7,uncontrolled,16,0.159915,0.47991,0.0,0.9375
7,uncontrolled,17,0.151386,0.508325,0.0,0.8875
7,uncontrolled,18,0.157783,0.500949,0.0,0.925
7,uncontrolled,19,0.153518,0.496953,0.0,0.9
7,uncontrolled,20,0.157783,0.43975,0.0,0.925
7,uncontrolled,21,0.164179,0.46025,0.0,0.9625
7,uncontrolled,22,0.15565,0.526952,0.0,0.9125
7,uncontrolled,23,0.151386,0.487693,0.0,0.8875
7,uncontrolled,24,0.164179,0.500486,0.0,0.9625
7,uncontrolled,25,0.149254,0.505128,0.0,0.875
7,uncontrolled,26,0.162047,0.478855,0.0,0.95
7,uncontrolled,27,0.151386,0.486875,0.0,0.8875
7,uncontrolled,28,0.164179,0.490943,0.0,0.9625
7,uncontrolled,29,0.159915,0.507862,0.0,0.9375
7,uncontrolled,30,0.15565,0.515648,0.0,0.9125
7,oea_controlled,0,0.153518,0.446143,0.0,0.9
7,oea_controlled,1,0.159915,0.459756,0.0,0.9375
7,oea_controlled,2,0.147122,0.465173,0.0,0.8625
7,oea_controlled,3,0.157783,0.463147,0.0,0.925
7,oea_controlled,4,0.144989,0.515124,0.0,0.85
7,oea_controlled,5,0.157783,0.503572,0.0,0.925
7,oea_controlled,6,0.153518,0.454659,0.0,0.9
7,oea_controlled,7,0.15565,0.496488,0.0,0.9125
7,oea_controlled,8,0.149254,0.474784,0.0,0.875
7,oea_controlled,9,0.149254,0.475072,0.0,0.875
7,oea_controlled,10,0.159915,0.488637,0.0,0.9375
7,oea_controlled,11,0.164179,0.461763,0.0,0.9625
7,oea_controlled,12,0.15565,0.481319,0.0,0.9125
7,oea_controlled,13,0.157783,0.484545,0.0,0.925
7,oea_controlled,14,0.153518,0.478283,0.0,0.9
7,oea_controlled,15,0.149254,0.459261,0.0,0.875
7,oea_controlled,16,0.15565,0.493173,0.0,0.9125
7,oea_controlled,17,0.162047,0.484004,0.0,0.95
7,oea_controlled,18,0.153518,0.48036,0.0,0.9
7,oea_controlled,19,0.157783,0.479873,0.0,0.925
7,oea_controlled,20,0.164179,0.472714,0.0,0.9625
7,oea_controlled,21,0.159915,0.468978,0.0,0.9375
7,oea_controlled,22,0.159915,0.509365,0.0,0.9375
7,oea_controlled,23,0.15565,0.489633,0.0,0.9125
7,oea_controlled,24,0.15565,0.502846,0.0,0.9125
7,oea_controlled,25,0.157783,0.46738,0.0,0.925
7,oea_controlled,26,0.144989,0.530383,0.0,0.85
7,oea_controlled,27,0.15565,0.454305,0.0,0.9125
7,oea_controlled,28,0.15565,0.480964,0.0,0.9125
7,oea_controlled,29,0.159915,0.47589,0.0,0.9375
7,oea_controlled,30,0.164179,0.486283,0.0,0.9625
8,uncontrolled,0,0.15565,0.491246,0.0,0.9125
8,uncontrolled,1,0.15565,0.483084,0.0,0.9125
8,uncontrolled,2,0.164179,0.459117,0.0,0.9625
8,uncontrolled,3,0.159915,0.503447,0.0,0.9375
8,uncontrolled,4,0.157783,0.490819,0.0,0.925
8,uncontrolled,5,0.164179,0.487014,0.0,0.9625
8,uncontrolled,6,0.159915,0.528763,0.0,0.9375
8,uncontrolled,7,0.149254,0.494652,0.0,0.875
8,uncontrolled,8,0.162047,0.502395,0.0,0.95
8,uncontrolled,9,0.153518,0.498427,0.0,0.9
8,uncontrolled,10,0.151386,0.503835,0.0,0.8875
8,uncontrolled,11,0.15565,0.525075,0.0,0.9125
8,uncontrolled,12,0.159915,0.513046,0.0,0.9375
8,uncontrolled,13,0.15565,0.484402,0.0,0.9125
8,uncontrolled,14,0.159915,0.513656,0.0,0.9375
8,uncontrolled,15,0.151386,0.471357,0.0,0.8875
8,uncontrolled,16,0.15565,0.51422,0.0,0.9125
8,uncontrolled,17,0.153518,0.451899,0.0,0.9
8,uncontrolled,18,0.157783,0.472572,0.0,0.925
8,uncontrolled,19,0.15565,0.494079,0.0,0.9125
8,uncontrolled,20,0.15565,0.512064,0.0,0.9125
8,uncontrolled,21,0.151386,0.515442,0.0,0.8875
8,uncontrolled,22,0.149254,0.512974,0.0,0.875
8,uncontrolled,23,0.157783,0.49448,0.0,0.925
8,uncontrolled,24,0.15565,0.475595,0.0,0.9125
8,uncontrolled,25,0.157783,0.486047,0.0,0.925
8,uncontrolled,26,0.157783,0.529029,0.0,0.925
8,uncontrolled,27,0.15565,0.481117,0.0,0.9125
8,uncontrolled,28,0.159915,0.496929,0.0,0.9375
8,uncontrolled,29,0.153518,0.484314,0.0,0.9
8,uncontrolled,30,0.157783,0.494428,0.0,0.925
8,oea_controlled,0,0.164179,0.481172,0.0,0.9625
8,oea_controlled,1,0.162047,0.500392,0.0,0.95
8,oea_controlled,2,0.149254,0.485596,0.0,0.875
8,oea_controlled,3,0.147122,0.469972,0.0,0.8625
8,oea_controlled,4,0.159915,0.487919,0.0,0.9375
8,oea_controlled,5,0.157783,0.431812,0.0,0.925
8,oea_controlled,6,0.153518,0.460429,0.0,0.9
8,oea_controlled,7,0.140725,0.511559,0.0,0.825
8,oea_controlled,8,0.159915,0.465411,0.0,0.9375
8,oea_controlled,9,0.159915,0.493062,0.0,0.9375
8,oea_controlled,10,0.164179,0.463225,0.0,0.9625
8,oea_controlled,11,0.159915,0.474028,0.0,0.9375
8,oea_controlled,12,0.157783,0.464248,0.0,0.925
8,oea_controlled,13,0.164179,0.481933,0.0,0.9625
8,oea_controlled,14,0.15565,0.476934,0.0,0.9125
8,oea_controlled,15,0.15565,0.484285,0.0,0.9125
8,oea_controlled,16,0.162047,0.499184,0.0,0.95
8,oea_controlled,17,0.15565,0.510759,0.0,0.9125
8,oea_controlled,18,0.15565,0.473813,0.0,0.9125
8,oea_controlled,19,0.153518,0.471564,0.0,0.9
8,oea_controlled,20,0.159915,0.495044,0.0,0.9375
8,oea_controlled,21,0.15565,0.484794,0.0,0.9125
8,oea_controlled,22,0.151386,0.473172,0.0,0.8875
8,oea_controlled,23,0.159915,0.46218,0.0,0.9375
8,oea_controlled,24,0.157783,0.450823,0.0,0.925
8,oea_controlled,25,0.159915,0.461348,0.0,0.9375
8,oea_controlled,26,0.15565,0.466375,0.0,0.9125
8,oea_controlled,27,0.151386,0.50748,0.0,0.8875
8,oea_controlled,28,0.162047,0.475981,0.0,0.95
8,oea_controlled,29,0.164179,0.491488,0.0,0.9625
8,oea_controlled,30,0.162047,0.472016,0.0,0.95
9,uncontrolled,0,0.164179,0.472764,0.0,0.9625
9,uncontrolled,1,0.159915,0.493003,0.0,0.9375
9,uncontrolled,2,0.166311,0.496281,0.0,0.975
9,uncontrolled,3,0.15565,0.47397,0.0,0.9125
9,uncontrolled,4,0.162047,0.481216,0.0,0.95
9,uncontrolled,5,0.166311,0.464572,0.0,0.975
9,uncontrolled,6,0.153518,0.516684,0.0,0.9
9,uncontrolled,7,0.157783,0.512181,0.0,0.925
9,uncontrolled,8,0.147122,0.503299,0.0,0.8625
9,uncontrolled,9,0.15565,0.475755,0.0,0.9125
9,uncontrolled,10,0.15565,0.46769,0.0,0.9125
9,uncontrolled,11,0.162047,0.489746,0.0,0.95
9,uncontrolled,12,0.153518,0.499863,0.0,0.9
9,uncontrolled,13,0.162047,0.509646,0.0,0.95
9,uncontrolled,14,0.159915,0.463812,0.0,0.9375
9,uncontrolled,15,0.15565,0.508801,0.0,0.9125
9,uncontrolled,16,0.147122,0.511014,0.0,0.8625
9,uncontrolled,17,0.15565,0.493744,0.0,0.9125
9,uncontrolled,18,0.15565,0.515413,0.0,0.9125
9,uncontrolled,19,0.157783,0.494242,0.0,0.925
9,uncontrolled,20,0.15565,0.487056,0.0,0.9125
9,uncontrolled,21,0.15565,0.504895,0.0,0.9125
9,uncontrolled,22,0.159915,0.513634,0.0,0.9375
9,uncontrolled,23,0.153518,0.50157,0.0,0.9
9,uncontrolled,24,0.164179,0.48197,0.0,0.9625
9,uncontrolled,25,0.157783,0.470994,0.0,0.925
9,uncontrolled,26,0.153518,0.509957,0.0,0.9
9,uncontrolled,27,0.162047,0.48664,0.0,0.95
9,uncontrolled,28,0.149254,0.522383,0.0,0.875
9,uncontrolled,29,0.153518,0.509488,0.0,0.9
9,uncontrolled,30,0.157783,0.475673,0.0,0.925
9,oea_controlled,0,0.15565,0.496102,0.0,0.9125
9,oea_controlled,1,0.164179,0.484416,0.0,0.9625
9,oea_controlled,2,0.157783,0.479673,0.0,0.925
9,oea_controlled,3,0.162047,0.475311,0.0,0.95
9,oea_controlled,4,0.144989,0.513558,0.0,0.85
9,oea_controlled,5,0.162047,0.49808,0.0,0.95
9,oea_controlled,6,0.151386,0.484488,0.0,0.8875
9,oea_controlled,7,0.159915,0.481007,0.0,0.9375
9,oea_controlled,8,0.149254,0.475894,0.0,0.875
9,oea_controlled,9,0.153518,0.474585,0.0,0.9
9,oea_controlled,10,0.15565,0.468449,0.0,0.9125
9,oea_controlled,11,0.164179,0.485567,0.0,0.9625
9,oea_controlled,12,0.157783,0.488588,0.0,0.925
9,oea_controlled,13,0.159915,0.486456,0.0,0.9375
9,oea_controlled,14,0.159915,0.491602,0.0,0.9375
9,oea_controlled,15,0.151386,0.464458,0.0,0.8875
9,oea_controlled,16,0.15565,0.480649,0.0,0.9125
9,oea_controlled,17,0.162047,0.468582,0.0,0.95
9,oea_controlled,18,0.162047,0.489116,0.0,0.95
9,oea_controlled,19,0.15565,0.464051,0.0,0.9125
9,oea_controlled,20,0.149254,0.497489,0.0,0.875
9,oea_controlled,21,0.159915,0.480221,0.0,0.9375
9,oea_controlled,22,0.157783,0.515161,0.0,0.925
9,oea_controlled,23,0.162047,0.493159,0.0,0.95
9,oea_controlled,24,0.159915,0.494108,0.0,0.9375
9,oea_controlled,25,0.162047,0.489907,0.0,0.95
9,oea_controlled,26,0.15565,0.486953,0.0,0.9125
9,oea_controlled,27,0.157783,0.460645,0.0,0.925
9,oea_controlled,28,0.159915,0.507546,0.0,0.9375
9,oea_controlled,29,0.151386,0.51956,0.0,0.8875
9,oea_controlled,30,0.159915,0.486549,0.0,0.9375
10,uncontrolled,0,0.15565,0.486015,0.0,0.9125
10,uncontrolled,1,0.166311,0.50356,0.0,0.975
10,uncontrolled,2,0.15565,0.508663,0.0,0.9125
10,uncontrolled,3,0.149254,0.492874,0.0,0.875
10,uncontrolled,4,0.151386,0.502582,0.0,0.8875
10,uncontrolled,5,0.157783,0.503719,0.0,0.925
10,uncontrolled,6,0.157783,0.476754,0.0,0.925
10,uncontrolled,7,0.153518,0.503513,0.0,0.9
10,uncontrolled,8,0.164179,0.491022,0.0,0.9625
10,uncontrolled,9,0.159915,0.504168,0.0,0.9375
10,uncontrolled,10,0.157783,0.499645,0.0,0.925
10,uncontrolled,11,0.157783,0.502946,0.0,0.925
10,uncontrolled,12,0.153518,0.499097,0.0,0.9
10,uncontrolled,13,0.159915,0.498772,0.0,0.9375
10,uncontrolled,14,0.157783,0.461868,0.0,0.925
10,uncontrolled,15,0.15565,0.477624,0.0,0.9125
10,uncontrolled,16,0.164179,0.491337,0.0,0.9625
10,uncontrolled,17,0.153518,0.477201,0.0,0.9
10,uncontrolled,18,0.157783,0.524673,0.0,0.925
10,uncontrolled,19,0.157783,0.51593,0.0,0.925
10,uncontrolled,20,0.15565,0.495692,0.0,0.9125
10,uncontrolled,21,0.144989,0.493027,0.0,0.85
10,uncontrolled,22,0.147122,0.499988,0.0,0.8625
10,uncontrolled,23,0.164179,0.504487,0.0,0.9625
10,uncontrolled,24,0.157783,0.492798,0.0,0.925
10,uncontrolled,25,0.164179,0.500793,0.0,0.9625
10,uncontrolled,26,0.15565,0.470059,0.0,0.9125
10,uncontrolled,27,0.159915,0.489754,0.0,0.9375
10,uncontrolled,28,0.15565,0.50663,0.0,0.9125
10,uncontrolled,29,0.153518,0.505404,0.0,0.9
10,uncontrolled,30,0.162047,0.451088,0.0,0.95
10,oea_controlled,0,0.153518,0.508074,0.0,0.9
10,oea_controlled,1,0.15565,0.503008,0.0,0.9125
10,oea_controlled,2,0.162047,0.479979,0.0,0.95
10,oea_controlled,3,0.153518,0.506596,0.0,0.9
10,oea_controlled,4,0.147122,0.480042,0.0,0.8625
10,oea_controlled,5,0.164179,0.445084,0.0,0.9625
10,oea_controlled,6,0.159915,0.505057,0.0,0.9375
10,oea_controlled,7,0.162047,0.45421,0.0,0.95
10,oea_controlled,8,0.153518,0.477864,0.0,0.9
10,oea_controlled,9,0.15565,0.443183,0.0,0.9125
10,oea_controlled,10,0.153518,0.428898,0.0,0.9
10,oea_controlled,11,0.162047,0.484967,0.0,0.95
10,oea_controlled,12,0.164179,0.468275,0.0,0.9625
10,oea_controlled,13,0.153518,0.509316,0.0,0.9
10,oea_controlled,14,0.157783,0.477768,0.0,0.925
10,oea_controlled,15,0.157783,0.489243,0.0,0.925
10,oea_controlled,16,0.159915,0.458472,0.0,0.9375
10,oea_controlled,17,0.164179,0.484352,0.0,0.9625
10,oea_controlled,18,0.153518,0.506706,0.0,0.9
10,oea_controlled,19,0.164179,0.486242,0.0,0.9625
10,oea_controlled,20,0.147122,0.480551,0.0,0.8625
10,oea_controlled,21,0.157783,0.500864,0.0,0.925
10,oea_controlled,22,0.162047,0.49768,0.0,0.95
10,oea_controlled,23,0.15565,0.513663,0.0,0.9125
10,oea_controlled,24,0.15565,0.45928,0.0,0.9125
10,oea_controlled,25,0.15565,0.476125,0.0,0.9125
10,oea_controlled,26,0.149254,0.478768,0.0,0.875
10,oea_controlled,27,0.157783,0.491282,0.0,0.925
10,oea_controlled,28,0.162047,0.484672,0.0,0.95
10,oea_controlled,29,0.157783,0.463831,0.0,0.925
10,oea_controlled,30,0.15565,0.489537,0.0,0.9125
11,uncontrolled,0,0.166311,0.489669,0.0,0.975
11,uncontrolled,1,0.15565,0.493057,0.0,0.9125
11,uncontrolled,2,0.153518,0.501485,0.0,0.9
11,uncontrolled,3,0.153518,0.499896,0.0,0.9
11,uncontrolled,4,0.15565,0.509918,0.0,0.9125
11,uncontrolled,5,0.157783,0.511771,0.0,0.925
11,uncontrolled,6,0.153518,0.478649,0.0,0.9
11,uncontrolled,7,0.157783,0.49847,0.0,0.925
11,uncontrolled,8,0.153518,0.484257,0.0,0.9
11,uncontrolled,9,0.144989,0.498109,0.0,0.85
11,uncontrolled,10,0.157783,0.503891,0.0,0.925
11,uncontrolled,11,0.164179,0.486457,0.0,0.9625
11,uncontrolled,12,0.15565,0.504206,0.0,0.9125
11,uncontrolled,13,0.164179,0.482978,0.0,0.9625
11,uncontrolled,14,0.15565,0.502625,0.0,0.9125
11,uncontrolled,15,0.15565,0.515932,0.0,0.9125
11,uncontrolled,16,0.162047,0.49917,0.0,0.95
11,uncontrolled,17,0.164179,0.494033,0.0,0.9625
11,uncontrolled,18,0.159915,0.483009,0.0,0.9375
11,uncontrolled,19,0.157783,0.493138,0.0,0.925
11,uncontrolled,20,0.157783,0.516207,0.0,0.925
11,uncontrolled,21,0.153518,0.499094,0.0,0.9
11,uncontrolled,22,0.157783,0.485043,0.0,0.925
11,uncontrolled,23,0.151386,0.484732,0.0,0.8875
11,uncontrolled,24,0.149254,0.505718,0.0,0.875
11,uncontrolled,25,0.15565,0.47489,0.0,0.9125
11,uncontrolled,26,0.15565,0.491744,0.0,0.9125
11,uncontrolled,27,0.157783,0.520394,0.0,0.925
11,uncontrolled,28,0.15565,0.467951,0.0,0.9125
11,uncontrolled,29,0.151386,0.517042,0.0,0.8875
11,uncontrolled,30,0.147122,0.541694,0.0,0.8625
11,oea_controlled,0,0.159915,0.515997,0.0,0.9375
11,oea_controlled,1,0.159915,0.478752,0.0,0.9375
11,oea_controlled,2,0.157783,0.465947,0.0,0.925
11,oea_controlled,3,0.15565,0.461046,0.0,0.9125
11,oea_controlled,4,0.162047,0.484215,0.0,0.95
11,oea_controlled,5,0.153518,0.464777,0.0,0.9
11,oea_controlled,6,0.159915,0.48305,0.0,0.9375
11,oea_controlled,7,0.157783,0.45499,0.0,0.925
11,oea_controlled,8,0.151386,0.521441,0.0,0.8875
11,oea_controlled,9,0.147122,0.481116,0.0,0.8625
11,oea_controlled,10,0.157783,0.471054,0.0,0.925
11,oea_controlled,11,0.164179,0.462987,0.0,0.9625
11,oea_controlled,12,0.15565,0.470086,0.0,0.9125
11,oea_controlled,13,0.153518,0.447791,0.0,0.9
11,oea_controlled,14,0.159915,0.47705,0.0,0.9375
11,oea_controlled,15,0.151386,0.460419,0.0,0.8875
11,oea_controlled,16,0.157783,0.478495,0.0,0.925
11,oea_controlled,17,0.157783,0.460707,0.0,0.925
11,oea_controlled,18,0.149254,0.486683,0.0,0.875
11,oea_controlled,19,0.157783,0.481978,0.0,0.925
11,oea_controlled,20,0.159915,0.489667,0.0,0.9375
11,oea_controlled,21,0.153518,0.466333,0.0,0.9
11,oea_controlled,22,0.151386,0.49069,0.0,0.8875
11,oea_controlled,23,0.149254,0.458014,0.0,0.875
11,oea_controlled,24,0.153518,0.467176,0.0,0.9
11,oea_controlled,25,0.162047,0.458135,0.0,0.95
11,oea_controlled,26,0.153518,0.509652,0.0,0.9
11,oea_controlled,27,0.151386,0.49604,0.0,0.8875
11,oea_controlled,28,0.162047,0.469073,0.0,0.95
11,oea_controlled,29,0.162047,0.459418,0.0,0.95
11,oea_controlled,30,0.153518,0.498518,0.0,0.9
12,uncontrolled,0,0.157783,0.520083,0.0,0.925
12,uncontrolled,1,0.162047,0.489528,0.0,0.95
12,uncontrolled,2,0.140725,0.542477,0.0,0.825
12,uncontrolled,3,0.157783,0.519184,0.0,0.925
12,uncontrolled,4,0.157783,0.49793,0.0,0.925
12,uncontrolled,5,0.153518,0.504231,0.0,0.9
12,uncontrolled,6,0.162047,0.473217,0.0,0.95
12,uncontrolled,7,0.157783,0.47373,0.0,0.925
12,uncontrolled,8,0.153518,0.483254,0.0,0.9
12,uncontrolled,9,0.166311,0.43795,0.0,0.975
12,uncontrolled,10,0.151386,0.477274,0.0,0.8875
12,uncontrolled,11,0.151386,0.489349,0.0,0.8875
12,uncontrolled,12,0.147122,0.481476,0.0,0.8625
12,uncontrolled,13,0.153518,0.498542,0.0,0.9
12,uncontrolled,14,0.15565,0.479939,0.0,0.9125
12,uncontrolled,15,0.159915,0.485254,0.0,0.9375
12,uncontrolled,16,0.151386,0.513573,0.0,0.8875
12,uncontrolled,17,0.151386,0.491789,0.0,0.8875
12,uncontrolled,18,0.15565,0.532258,0.0,0.9125
12,uncontrolled,19,0.157783,0.471433,0.0,0.925
12,uncontrolled,20,0.166311,0.489798,0.0,0.975
12,uncontrolled,21,0.157783,0.48771,0.0,0.925
12,uncontrolled,22,0.157783,0.503092,0.0,0.925
12,uncontrolled,23,0.153518,0.484114,0.0,0.9
12,uncontrolled,24,0.15565,0.506718,0.0,0.9125
12,uncontrolled,25,0.153518,0.471574,0.0,0.9
12,uncontrolled,26,0.153518,0.544383,0.0,0.9
12,uncontrolled,27,0.151386,0.4881,0.0,0.8875
12,uncontrolled,28,0.159915,0.508682,0.0,0.9375
12,uncontrolled,29,0.15565,0.539958,0.0,0.9125
12,uncontrolled,30,0.162047,0.476836,0.0,0.95
12,oea_controlled,0,0.157783,0.505682,0.0,0.925
12,oea_controlled,1,0.153518,0.457983,0.0,0.9
12,oea_controlled,2,0.15565,0.483686,0.0,0.9125
12,oea_controlled,3,0.153518,0.493128,0.0,0.9
12,oea_controlled,4,0.162047,0.503527,0.0,0.95
12,oea_controlled,5,0.157783,0.486844,0.0,0.925
12,oea_controlled,6,0.15565,0.504546,0.0,0.9125
12,oea_controlled,7,0.15565,0.445843,0.0,0.9125
12,oea_controlled,8,0.149254,0.50622,0.0,0.875
12,oea_controlled,9,0.15565,0.489431,0.0,0.9125
12,oea_controlled,10,0.151386,0.49378,0.0,0.8875
12,oea_controlled,11,0.149254,0.471111,0.0,0.875
12,oea_controlled,12,0.157783,0.466078,0.0,0.925
12,oea_controlled,13,0.159915,0.477825,0.0,0.9375
12,oea_controlled,14,0.162047,0.509173,0.0,0.95
12,oea_controlled,15,0.157783,0.491779,0.0,0.925
12,oea_controlled,16,0.15565,0.492429,0.0,0.9125
12,oea_controlled,17,0.153518,0.461929,0.0,0.9
12,oea_controlled,18,0.159915,0.498944,0.0,0.9375
12,oea_controlled,19,0.162047,0.485776,0.0,0.95
12,oea_controlled,20,0.157783,0.493299,0.0,0.925
12,oea_controlled,21,0.159915,0.485605,0.0,0.9375
12,oea_controlled,22,0.151386,0.488382,0.0,0.8875
12,oea_controlled,23,0.147122,0.494888,0.0,0.8625
12,oea_controlled,24,0.157783,0.448956,0.0,0.925
12,oea_controlled,25,0.162047,0.485916,0.0,0.95
12,oea_controlled,26,0.159915,0.518191,0.0,0.9375
12,oea_controlled,27,0.159915,0.466846,0.0,0.9375
12,oea_controlled,28,0.157783,0.486637,0.0,0.925
12,oea_controlled,29,0.153518,0.484287,0.0,0.9
12,oea_controlled,30,0.159915,0.465975,0.0,0.9375
13,uncontrolled,0,0.159915,0.502687,0.0,0.9375
13,uncontrolled,1,0.144989,0.516092,0.0,0.85
13,uncontrolled,2,0.151386,0.486037,0.0,0.8875
13,uncontrolled,3,0.157783,0.470906,0.0,0.925
13,uncontrolled,4,0.15565,0.47454,0.0,0.9125
13,uncontrolled,5,0.159915,0.465137,0.0,0.9375
13,uncontrolled,6,0.157783,0.503756,0.0,0.925
13,uncontrolled,7,0.151386,0.499234,0.0,0.8875
13,uncontrolled,8,0.159915,0.467012,0.0,0.9375
13,uncontrolled,9,0.157783,0.470171,0.0,0.925
13,uncontrolled,10,0.151386,0.517525,0.0,0.8875
13,uncontrolled,11,0.15565,0.509671,0.0,0.9125
13,uncontrolled,12,0.153518,0.520573,0.0,0.9
13,uncontrolled,13,0.162047,0.488079,0.0,0.95
13,uncontrolled,14,0.15565,0.490594,0.0,0.9125
13,uncontrolled,15,0.157783,0.471471,0.0,0.925
13,uncontrolled,16,0.159915,0.489013,0.0,0.9375
13,uncontrolled,17,0.159915,0.480797,0.0,0.9375
13,uncontrolled,18,0.151386,0.521637,0.0,0.8875
13,uncontrolled,19,0.15565,0.500935,0.0,0.9125
13,uncontrolled,20,0.15565,0.48837,0.0,0.9125
13,uncontrolled,21,0.149254,0.514808,0.0,0.875
13,uncontrolled,22,0.164179,0.509092,0.0,0.9625
13,uncontrolled,23,0.153518,0.491197,0.0,0.9
13,uncontrolled,24,0.162047,0.47726,0.0,0.95
13,uncontrolled,25,0.162047,0.489963,0.0,0.95
13,uncontrolled,26,0.15565,0.500096,0.0,0.9125
13,uncontrolled,27,0.147122,0.509355,0.0,0.8625
13,uncontrolled,28,0.157783,0.476807,0.0,0.925
13,uncontrolled,29,0.159915,0.502418,0.0,0.9375
13,uncontrolled,30,0.159915,0.483885,0.0,0.9375
13,oea_controlled,0,0.151386,0.517393,0.0,0.8875
13,oea_controlled,1,0.15565,0.47942,0.0,0.9125
13,oea_controlled,2,0.157783,0.449115,0.0,0.925
13,oea_controlled,3,0.157783,0.488349,0.0,0.925
13,oea_controlled,4,0.162047,0.500134,0.0,0.95
13,oea_controlled,5,0.159915,0.462904,0.0,0.9375
13,oea_controlled,6,0.162047,0.509931,0.0,0.95
13,oea_controlled,7,0.151386,0.446143,0.0,0.8875
13,oea_controlled,8,0.153518,0.475421,0.0,0.9
13,oea_controlled,9,0.159915,0.455121,0.0,0.9375
13,oea_controlled,10,0.159915,0.473644,0.0,0.9375
13,oea_controlled,11,0.151386,0.473743,0.0,0.8875
13,oea_controlled,12,0.153518,0.507446,0.0,0.9
13,oea_controlled,13,0.159915,0.492883,0.0,0.9375
13,oea_controlled,14,0.159915,0.483187,0.0,0.9375
13,oea_controlled,15,0.157783,0.485419,0.0,0.925
13,oea_controlled,16,0.153518,0.483969,0.0,0.9
13,oea_controlled,17,0.157783,0.45169,0.0,0.925
13,oea_controlled,18,0.164179,0.477566,0.0,0.9625
13,oea_controlled,19,0.162047,0.517116,0.0,0.95
13,oea_controlled,20,0.157783,0.439525,0.0,0.925
13,oea_controlled,21,0.153518,0.437148,0.0,0.9
13,oea_controlled,22,0.153518,0.485382,0.0,0.9
13,oea_controlled,23,0.153518,0.484083,0.0,0.9
13,oea_controlled,24,0.15565,0.521256,0.0,0.9125
13,oea_controlled,25,0.164179,0.432135,0.0,0.9625
13,oea_controlled,26,0.157783,0.495799,0.0,0.925
13,oea_controlled,27,0.157783,0.48335,0.0,0.925
13,oea_controlled,28,0.153518,0.486205,0.0,0.9
13,oea_controlled,29,0.15565,0.463883,0.0,0.9125
13,oea_controlled,30,0.157783,0.432267,0.0,0.925
14,uncontrolled,0,0.157783,0.481547,0.0,0.925
14,uncontrolled,1,0.15565,0.520058,0.0,0.9125
14,uncontrolled,2,0.149254,0.512135,0.0,0.875
14,uncontrolled,3,0.162047,0.503765,0.0,0.95
14,uncontrolled,4,0.15565,0.528548,0.0,0.9125
14,uncontrolled,5,0.151386,0.508017,0.0,0.8875
14,uncontrolled,6,0.157783,0.524087,0.0,0.925
14,uncontrolled,7,0.15565,0.451885,0.0,0.9125
14,uncontrolled,8,0.157783,0.497469,0.0,0.925
14,uncontrolled,9,0.15565,0.496705,0.0,0.9125
14,uncontrolled,10,0.157783,0.512203,0.0,0.925
14,uncontrolled,11,0.153518,0.537864,0.0,0.9
14,uncontrolled,12,0.162047,0.497783,0.0,0.95
14,uncontrolled,13,0.15565,0.503621,0.0,0.9125
14,uncontrolled,14,0.159915,0.501911,0.0,0.9375
14,uncontrolled,15,0.151386,0.474354,0.0,0.8875
14,uncontrolled,16,0.159915,0.515849,0.0,0.9375
14,uncontrolled,17,0.15565,0.502131,0.0,0.9125
14,uncontrolled,18,0.159915,0.471615,0.0,0.9375
14,uncontrolled,19,0.162047,0.481983,0.0,0.95
14,uncontrolled,20,0.159915,0.504309,0.0,0.9375
14,uncontrolled,21,0.157783,0.472599,0.0,0.925
14,uncontrolled,22,0.162047,0.478955,0.0,0.95
14,uncontrolled,23,0.157783,0.468109,0.0,0.925
14,uncontrolled,24,0.153518,0.491844,0.0,0.9
14,uncontrolled,25,0.15565,0.496101,0.0,0.9125
14,uncontrolled,26,0.162047,0.508992,0.0,0.95
14,uncontrolled,27,0.162047,0.490087,0.0,0.95
14,uncontrolled,28,0.15565,0.464792,0.0,0.9125
14,uncontrolled,29,0.153518,0.497671,0.0,0.9
14,uncontrolled,30,0.151386,0.484031,0.0,0.8875
14,oea_controlled,0,0.164179,0.490562,0.0,0.9625
14,oea_controlled,1,0.157783,0.473045,0.0,0.925
14,oea_controlled,2,0.162047,0.489704,0.0,0.95
14,oea_controlled,3,0.149254,0.492279,0.0,0.875
14,oea_controlled,4,0.15565,0.470056,0.0,0.9125
14,oea_controlled,5,0.153518,0.482591,0.0,0.9
14,oea_controlled,6,0.157783,0.489327,0.0,0.925
14,oea_controlled,7,0.149254,0.507216,0.0,0.875
14,oea_controlled,8,0.149254,0.49352,0.0,0.875
14,oea_controlled,9,0.159915,0.492659,0.0,0.9375
14,oea_controlled,10,0.15565,0.490504,0.0,0.9125
14,oea_controlled,11,0.162047,0.479966,0.0,0.95
14,oea_controlled,12,0.157783,0.489805,0.0,0.925
14,oea_controlled,13,0.164179,0.484512,0.0,0.9625
14,oea_controlled,14,0.162047,0.490568,0.0,0.95
14,oea_controlled,15,0.15565,0.482803,0.0,0.9125
14,oea_controlled,16,0.153518,0.488827,0.0,0.9
14,oea_controlled,17,0.159915,0.480467,0.0,0.9375
14,oea_controlled,18,0.162047,0.466848,0.0,0.95
14,oea_controlled,19,0.159915,0.504021,0.0,0.9375
14,oea_controlled,20,0.151386,0.495328,0.0,0.8875
14,oea_controlled,21,0.164179,0.454966,0.0,0.9625
14,oea_controlled,22,0.15565,0.479951,0.0,0.9125
14,oea_controlled,23,0.157783,0.488713,0.0,0.925
14,oea_controlled,24,0.162047,0.484641,0.0,0.95
14,oea_controlled,25,0.157783,0.488374,0.0,0.925
14,oea_controlled,26,0.153518,0.501941,0.0,0.9
14,oea_controlled,27,0.15565,0.50953,0.0,0.9125
14,oea_controlled,28,0.159915,0.463087,0.0,0.9375
14,oea_controlled,29,0.162047,0.447742,0.0,0.95
14,oea_controlled,30,0.147122,0.492962,0.0,0.8625
15,uncontrolled,0,0.162047,0.509603,0.0,0.95
15,uncontrolled,1,0.159915,0.48235,0.0,0.9375
15,uncontrolled,2,0.153518,0.483561,0.0,0.9
15,uncontrolled,3,0.147122,0.523737,0.0,0.8625
15,uncontrolled,4,0.164179,0.478684,0.0,0.9625
15,uncontrolled,5,0.15565,0.509027,0.0,0.9125
15,uncontrolled,6,0.157783,0.49724,0.0,0.925
15,uncontrolled,7,0.164179,0.471876,0.0,0.9625
15,uncontrolled,8,0.159915,0.498694,0.0,0.9375
15,uncontrolled,9,0.162047,0.482746,0.0,0.95
15,uncontrolled,10,0.168443,0.467861,0.0,0.9875
15,uncontrolled,11,0.147122,0.473251,0.0,0.8625
15,uncontrolled,12,0.151386,0.489231,0.0,0.8875
15,uncontrolled,13,0.153518,0.484581,0.0,0.9
15,uncontrolled,14,0.153518,0.496964,0.0,0.9
15,uncontrolled,15,0.149254,0.511724,0.0,0.875
15,uncontrolled,16,0.151386,0.511598,0.0,0.8875
15,uncontrolled,17,0.157783,0.484531,0.0,0.925
15,uncontrolled,18,0.162047,0.516053,0.0,0.95
15,uncontrolled,19,0.162047,0.479186,0.0,0.95
15,uncontrolled,20,0.15565,0.513848,0.0,0.9125
15,uncontrolled,21,0.157783,0.462486,0.0,0.925
15,uncontrolled,22,0.15565,0.506127,0.0,0.9125
15,uncontrolled,23,0.15565,0.486586,0.0,0.9125
15,uncontrolled,24,0.164179,0.495228,0.0,0.9625
15,uncontrolled,25,0.157783,0.481338,0.0,0.925
15,uncontrolled,26,0.153518,0.49555,0.0,0.9
15,uncontrolled,27,0.149254,0.500454,0.0,0.875
15,uncontrolled,28,0.15565,0.511907,0.0,0.9125
15,uncontrolled,29,0.157783,0.464347,0.0,0.925
15,uncontrolled,30,0.15565,0.481495,0.0,0.9125
15,oea_controlled,0,0.147122,0.48063,0.0,0.8625
15,oea_controlled,1,0.159915,0.4596,0.0,0.9375
15,oea_controlled,2,0.157783,0.45947,0.0,0.925
15,oea_controlled,3,0.149254,0.503292,0.0,0.875
15,oea_controlled,4,0.162047,0.487721,0.0,0.95
15,oea_controlled,5,0.159915,0.454942,0.0,0.9375
15,oea_controlled,6,0.153518,0.513421,0.0,0.9
15,oea_controlled,7,0.15565,0.479345,0.0,0.9125
15,oea_controlled,8,0.153518,0.487491,0.0,0.9
15,oea_controlled,9,0.164179,0.466134,0.0,0.9625
15,oea_controlled,10,0.162047,0.473512,0.0,0.95
15,oea_controlled,11,0.157783,0.495007,0.0,0.925
15,oea_controlled,12,0.15565,0.474221,0.0,0.9125
15,oea_controlled,13,0.149254,0.490528,0.0,0.875
15,oea_controlled,14,0.138593,0.478441,0.0,0.8125
15,oea_controlled,15,0.153518,0.505476,0.0,0.9
15,oea_controlled,16,0.153518,0.479148,0.0,0.9
15,oea_controlled,17,0.144989,0.472671,0.0,0.85
15,oea_controlled,18,0.157783,0.465961,0.0,0.925
15,oea_controlled,19,0.164179,0.480553,0.0,0.9625
15,oea_controlled,20,0.15565,0.489857,0.0,0.9125
15,oea_controlled,21,0.15565,0.493992,0.0,0.9125
15,oea_controlled,22,0.15565,0.498936,0.0,0.9125
15,oea_controlled,23,0.15565,0.489023,0.0,0.9125
15,oea_controlled,24,0.157783,0.47196,0.0,0.925
15,oea_controlled,25,0.159915,0.446062,0.0,0.9375
15,oea_controlled,26,0.157783,0.469589,0.0,0.925
15,oea_controlled,27,0.157783,0.482777,0.0,0.925
15,oea_controlled,28,0.166311,0.493641,0.0,0.975
15,oea_controlled,29,0.153518,0.475559,0.0,0.9
15,oea_controlled,30,0.153518,0.504668,0.0,0.9
16,uncontrolled,0,0.147122,0.507337,0.0,0.8625
16,uncontrolled,1,0.159915,0.5104,0.0,0.9375
16,uncontrolled,2,0.15565,0.520302,0.0,0.9125
16,uncontrolled,3,0.162047,0.491779,0.0,0.95
16,uncontrolled,4,0.153518,0.523044,0.0,0.9
16,uncontrolled,5,0.149254,0.452744,0.0,0.875
16,uncontrolled,6,0.157783,0.496537,0.0,0.925
16,uncontrolled,7,0.153518,0.515381,0.0,0.9
16,uncontrolled,8,0.149254,0.511646,0.0,0.875
16,uncontrolled,9,0.153518,0.522288,0.0,0.9
16,uncontrolled,10,0.147122,0.482693,0.0,0.8625
16,uncontrolled,11,0.157783,0.492534,0.0,0.925
16,uncontrolled,12,0.149254,0.50348,0.0,0.875
16,uncontrolled,13,0.15565,0.47181,0.0,0.9125
16,uncontrolled,14,0.15565,0.464161,0.0,0.9125
16,uncontrolled,15,0.149254,0.469326,0.0,0.875
16,uncontrolled,16,0.153518,0.458646,0.0,0.9
16,uncontrolled,17,0.153518,0.471173,0.0,0.9
16,uncontrolled,18,0.168443,0.494968,0.0,0.9875
16,uncontrolled,19,0.15565,0.492561,0.0,0.9125
16,uncontrolled,20,0.151386,0.515472,0.0,0.8875
16,uncontrolled,21,0.151386,0.530881,0.0,0.8875
16,uncontrolled,22,0.157783,0.492036,0.0,0.925
16,uncontrolled,23,0.159915,0.480001,0.0,0.9375
16,uncontrolled,24,0.159915,0.474978,0.0,0.9375
16,uncontrolled,25,0.157783,0.501865,0.0,0.925
16,uncontrolled,26,0.149254,0.509755,0.0,0.875
16,uncontrolled,27,0.157783,0.505827,0.0,0.925
16,uncontrolled,28,0.162047,0.468157,0.0,0.95
16,uncontrolled,29,0.159915,0.491892,0.0,0.9375
16,uncontrolled,30,0.162047,0.488412,0.0,0.95
16,oea_controlled,0,0.15565,0.499127,0.0,0.9125
16,oea_controlled,1,0.153518,0.458707,0.0,0.9
16,oea_controlled,2,0.159915,0.445504,0.0,0.9375
16,oea_controlled,3,0.162047,0.48013,0.0,0.95
16,oea_controlled,4,0.144989,0.508865,0.0,0.85
16,oea_controlled,5,0.149254,0.485912,0.0,0.875
16,oea_controlled,6,0.149254,0.465097,0.0,0.875
16,oea_controlled,7,0.157783,0.472883,0.0,0.925
16,oea_controlled,8,0.162047,0.499831,0.0,0.95
16,oea_controlled,9,0.153518,0.479924,0.0,0.9
16,oea_controlled,10,0.153518,0.480356,0.0,0.9
16,oea_controlled,11,0.157783,0.48396,0.0,0.925
16,oea_controlled,12,0.162047,0.496322,0.0,0.95
16,oea_controlled,13,0.157783,0.476699,0.0,0.925
16,oea_controlled,14,0.151386,0.484693,0.0,0.8875
16,oea_controlled,15,0.162047,0.475322,0.0,0.95
16,oea_controlled,16,0.151386,0.519865,0.0,0.8875
16,oea_controlled,17,0.162047,0.479308,0.0,0.95
16,oea_controlled,18,0.15565,0.530554,0.0,0.9125
16,oea_controlled,19,0.15565,0.489,0.0,0.9125
16,oea_controlled,20,0.164179,0.484802,0.0,0.9625
16,oea_controlled,21,0.157783,0.494805,0.0,0.925
16,oea_controlled,22,0.157783,0.478283,0.0,0.925
16,oea_controlled,23,0.157783,0.489688,0.0,0.925
16,oea_controlled,24,0.159915,0.453942,0.0,0.9375
16,oea_controlled,25,0.159915,0.457634,0.0,0.9375
16,oea_controlled,26,0.159915,0.498238,0.0,0.9375
16,oea_controlled,27,0.162047,0.488928,0.0,0.95
16,oea_controlled,28,0.144989,0.4785,0.0,0.85
16,oea_controlled,29,0.157783,0.440743,0.0,0.925
16,oea_controlled,30,0.149254,0.516709,0.0,0.875
17,uncontrolled,0,0.162047,0.499229,0.0,0.95
17,uncontrolled,1,0.153518,0.485961,0.0,0.9
17,uncontrolled,2,0.159915,0.481155,0.0,0.9375
17,uncontrolled,3,0.159915,0.492113,0.0,0.9375
17,uncontrolled,4,0.159915,0.507189,0.0,0.9375
17,uncontrolled,5,0.157783,0.48344,0.0,0.925
17,uncontrolled,6,0.153518,0.525875,0.0,0.9
17,uncontrolled,7,0.162047,0.459798,0.0,0.95
17,uncontrolled,8,0.157783,0.498525,0.0,0.925
17,uncontrolled,9,0.159915,0.495973,0.0,0.9375
17,uncontrolled,10,0.157783,0.506482,0.0,0.925
17,uncontrolled,11,0.159915,0.504476,0.0,0.9375
17,uncontrolled,12,0.153518,0.49078,0.0,0.9
17,uncontrolled,13,0.157783,0.476948,0.0,0.925
17,uncontrolled,14,0.151386,0.508637,0.0,0.8875
17,uncontrolled,15,0.15565,0.522808,0.0,0.9125
17,uncontrolled,16,0.151386,0.510983,0.0,0.8875
17,uncontrolled,17,0.149254,0.4966,0.0,0.875
17,uncontrolled,18,0.153518,0.510847,0.0,0.9
17,uncontrolled,19,0.162047,0.494576,0.0,0.95
17,uncontrolled,20,0.153518,0.496166,0.0,0.9
17,uncontrolled,21,0.15565,0.508426,0.0,0.9125
17,uncontrolled,22,0.15565,0.491016,0.0,0.9125
17,uncontrolled,23,0.162047,0.49655,0.0,0.95
17,uncontrolled,24,0.151386,0.496798,0.0,0.8875
17,uncontrolled,25,0.159915,0.477382,0.0,0.9375
17,uncontrolled,26,0.159915,0.474731,0.0,0.9375
17,uncontrolled,27,0.159915,0.521494,0.0,0.9375
17,uncontrolled,28,0.149254,0.506363,0.0,0.875
17,uncontrolled,29,0.162047,0.492589,0.0,0.95
17,uncontrolled,30,0.162047,0.471113,0.0,0.95
17,oea_controlled,0,0.151386,0.508418,0.0,0.8875
17,oea_controlled,1,0.153518,0.489624,0.0,0.9
17,oea_controlled,2,0.15565,0.50079,0.0,0.9125
17,oea_controlled,3,0.147122,0.503316,0.0,0.8625
17,oea_controlled,4,0.164179,0.440355,0.0,0.9625
17,oea_controlled,5,0.157783,0.473517,0.0,0.925
17,oea_controlled,6,0.147122,0.492112,0.0,0.8625
17,oea_controlled,7,0.162047,0.474522,0.0,0.95
17,oea_controlled,8,0.159915,0.487374,0.0,0.9375
17,oea_controlled,9,0.166311,0.485587,0.0,0.975
17,oea_controlled,10,0.147122,0.500427,0.0,0.8625
17,oea_controlled,11,0.151386,0.502902,0.0,0.8875
17,oea_controlled,12,0.162047,0.475157,0.0,0.95
17,oea_controlled,13,0.151386,0.487648,0.0,0.8875
17,oea_controlled,14,0.157783,0.482891,0.0,0.925
17,oea_controlled,15,0.153518,0.484627,0.0,0.9
17,oea_controlled,16,0.153518,0.462447,0.0,0.9
17,oea_controlled,17,0.151386,0.515886,0.0,0.8875
17,oea_controlled,18,0.157783,0.468213,0.0,0.925
17,oea_controlled,19,0.15565,0.460357,0.0,0.9125
17,oea_controlled,20,0.164179,0.440424,0.0,0.9625
17,oea_controlled,21,0.151386,0.486036,0.0,0.8875
17,oea_controlled,22,0.15565,0.464736,0.0,0.9125
17,oea_controlled,23,0.151386,0.511974,0.0,0.8875
17,oea_controlled,24,0.151386,0.492541,0.0,0.8875
17,oea_controlled,25,0.159915,0.487814,0.0,0.9375
17,oea_controlled,26,0.162047,0.497122,0.0,0.95
17,oea_controlled,27,0.149254,0.504376,0.0,0.875
17,oea_controlled,28,0.159915,0.470395,0.0,0.9375
17,oea_controlled,29,0.162047,0.501084,0.0,0.95
17,oea_controlled,30,0.149254,0.49309,0.0,0.875
18,uncontrolled,0,0.157783,0.429721,0.0,0.925
18,uncontrolled,1,0.162047,0.454762,0.0,0.95
18,uncontrolled,2,0.157783,0.504222,0.0,0.925
18,uncontrolled,3,0.15565,0.481797,0.0,0.9125
18,uncontrolled,4,0.149254,0.479361,0.0,0.875
18,uncontrolled,5,0.153518,0.491098,0.0,0.9
18,uncontrolled,6,0.159915,0.479948,0.0,0.9375
18,uncontrolled,7,0.157783,0.489108,0.0,0.925
18,uncontrolled,8,0.159915,0.45939,0.0,0.9375
18,uncontrolled,9,0.162047,0.471495,0.0,0.95
18,uncontrolled,10,0.15565,0.496102,0.0,0.9125
18,uncontrolled,11,0.157783,0.524009,0.0,0.925
18,uncontrolled,12,0.162047,0.47651,0.0,0.95
18,uncontrolled,13,0.159915,0.479027,0.0,0.9375
18,uncontrolled,14,0.157783,0.516437,0.0,0.925
18,uncontrolled,15,0.144989,0.477642,0.0,0.85
18,uncontrolled,16,0.149254,0.510511,0.0,0.875
18,uncontrolled,17,0.15565,0.497923,0.0,0.9125
18,uncontrolled,18,0.162047,0.492105,0.0,0.95
18,uncontrolled,19,0.159915,0.46101,0.0,0.9375
18,uncontrolled,20,0.162047,0.493853,0.0,0.95
18,uncontrolled,21,0.159915,0.46424,0.0,0.9375
18,uncontrolled,22,0.159915,0.510442,0.0,0.9375
18,uncontrolled,23,0.157783,0.509444,0.0,0.925
18,uncontrolled,24,0.151386,0.48568,0.0,0.8875
18,uncontrolled,25,0.151386,0.491545,0.0,0.8875
18,uncontrolled,26,0.159915,0.476313,0.0,0.9375
18,uncontrolled,27,0.153518,0.497023,0.0,0.9
18,uncontrolled,28,0.153518,0.491357,0.0,0.9
18,uncontrolled,29,0.157783,0.519616,0.0,0.925
18,uncontrolled,30,0.151386,0.455409,0.0,0.8875
18,oea_controlled,0,0.15565,0.474553,0.0,0.9125
18,oea_controlled,1,0.153518,0.440489,0.0,0.9
18,oea_controlled,2,0.15565,0.504786,0.0,0.9125
18,oea_controlled,3,0.157783,0.475547,0.0,0.925
18,oea_controlled,4,0.159915,0.473801,0.0,0.9375
18,oea_controlled,5,0.157783,0.44829,0.0,0.925
18,oea_controlled,6,0.159915,0.487294,0.0,0.9375
18,oea_controlled,7,0.157783,0.479637,0.0,0.925
18,oea_controlled,8,0.157783,0.486661,0.0,0.925
18,oea_controlled,9,0.162047,0.468506,0.0,0.95
18,oea_controlled,10,0.157783,0.486253,0.0,0.925
18,oea_controlled,11,0.149254,0.499547,0.0,0.875
18,oea_controlled,12,0.157783,0.490866,0.0,0.925
18,oea_controlled,13,0.151386,0.502894,0.0,0.8875
18,oea_controlled,14,0.157783,0.491716,0.0,0.925
18,oea_controlled,15,0.147122,0.533364,0.0,0.8625
18,oea_controlled,16,0.153518,0.502945,0.0,0.9
18,oea_controlled,17,0.153518,0.45134,0.0,0.9
18,oea_controlled,18,0.164179,0.467019,0.0,0.9625
18,oea_controlled,19,0.149254,0.502668,0.0,0.875
18,oea_controlled,20,0.162047,0.504869,0.0,0.95
18,oea_controlled,21,0.159915,0.46992,0.0,0.9375
18,oea_controlled,22,0.153518,0.474272,0.0,0.9
18,oea_controlled,23,0.159915,0.465751,0.0,0.9375
18,oea_controlled,24,0.159915,0.475525,0.0,0.9375
18,oea_controlled,25,0.15565,0.481685,0.0,0.9125
18,oea_controlled,26,0.151386,0.490078,0.0,0.8875
18,oea_controlled,27,0.151386,0.441155,0.0,0.8875
18,oea_controlled,28,0.157783,0.459346,0.0,0.925
18,oea_controlled,29,0.15565,0.501238,0.0,0.9125
18,oea_controlled,30,0.166311,0.485553,0.0,0.975
19,uncontrolled,0,0.15565,0.490526,0.0,0.9125
19,uncontrolled,1,0.151386,0.50737,0.0,0.8875
19,uncontrolled,2,0.151386,0.52576,0.0,0.8875
19,uncontrolled,3,0.157783,0.489212,0.0,0.925
19,uncontrolled,4,0.15565,0.507616,0.0,0.9125
19,uncontrolled,5,0.157783,0.492035,0.0,0.925
19,uncontrolled,6,0.15565,0.510175,0.0,0.9125
19,uncontrolled,7,0.153518,0.515216,0.0,0.9
19,uncontrolled,8,0.159915,0.489126,0.0,0.9375
19,uncontrolled,9,0.164179,0.48414,0.0,0.9625
19,uncontrolled,10,0.144989,0.48692,0.0,0.85
19,uncontrolled,11,0.15565,0.504584,0.0,0.9125
19,uncontrolled,12,0.162047,0.494017,0.0,0.95
19,uncontrolled,13,0.157783,0.482565,0.0,0.925
19,uncontrolled,14,0.164179,0.493834,0.0,0.9625
19,uncontrolled,15,0.164179,0.490459,0.0,0.9625
19,uncontrolled,16,0.15565,0.481796,0.0,0.9125
19,uncontrolled,17,0.153518,0.464514,0.0,0.9
19,uncontrolled,18,0.15565,0.473832,0.0,0.9125
19,uncontrolled,19,0.153518,0.504618,0.0,0.9
19,uncontrolled,20,0.149254,0.422467,0.0,0.875
19,uncontrolled,21,0.157783,0.479777,0.0,0.925
19,uncontrolled,22,0.168443,0.499286,0.0,0.9875
19,uncontrolled,23,0.15565,0.519421,0.0,0.9125
19,uncontrolled,24,0.159915,0.483273,0.0,0.9375
19,uncontrolled,25,0.157783,0.458243,0.0,0.925
19,uncontrolled,26,0.159915,0.487883,0.0,0.9375
19,uncontrolled,27,0.157783,0.470831,0.0,0.925
19,uncontrolled,28,0.159915,0.479376,0.0,0.9375
19,uncontrolled,29,0.15565,0.522238,0.0,0.9125
19,uncontrolled,30,0.15565,0.528882,0.0,0.9125
19,oea_controlled,0,0.157783,0.5041,0.0,0.925
19,oea_controlled,1,0.15565,0.460976,0.0,0.9125
19,oea_controlled,2,0.159915,0.495347,0.0,0.9375
19,oea_controlled,3,0.153518,0.46217,0.0,0.9
19,oea_controlled,4,0.159915,0.443545,0.0,0.9375
19,oea_controlled,5,0.159915,0.501272,0.0,0.9375
19,oea_controlled,6,0.159915,0.475933,0.0,0.9375
19,oea_controlled,7,0.147122,0.477033,0.0,0.8625
19,oea_controlled,8,0.147122,0.509035,0.0,0.8625
19,oea_controlled,9,0.157783,0.469053,0.0,0.925
19,oea_controlled,10,0.159915,0.491821,0.0,0.9375
19,oea_controlled,11,0.157783,0.507714,0.0,0.925
19,oea_controlled,12,0.164179,0.47457,0.0,0.9625
19,oea_controlled,13,0.151386,0.476872,0.0,0.8875
19,oea_controlled,14,0.162047,0.479927,0.0,0.95
19,oea_controlled,15,0.157783,0.49518,0.0,0.925
19,oea_controlled,16,0.162047,0.481412,0.0,0.95
19,oea_controlled,17,0.142857,0.451765,0.0,0.8375
19,oea_controlled,18,0.153518,0.496495,0.0,0.9
19,oea_controlled,19,0.149254,0.522151,0.0,0.875
19,oea_controlled,20,0.159915,0.432044,0.0,0.9375
19,oea_controlled,21,0.157783,0.485172,0.0,0.925
19,oea_controlled,22,0.162047,0.44012,0.0,0.95
19,oea_controlled,23,0.157783,0.481219,0.0,0.925
19,oea_controlled,24,0.15565,0.499026,0.0,0.9125
19,oea_controlled,25,0.153518,0.494179,0.0,0.9
19,oea_controlled,26,0.157783,0.49308,0.0,0.925
19,oea_controlled,27,0.144989,0.494352,0.0,0.85
19,oea_controlled,28,0.15565,0.510965,0.0,0.9125
19,oea_controlled,29,0.15565,0.517968,0.0,0.9125
19,oea_controlled,30,0.15565,0.498345,0.0,0.9125
