seed,variant,iteration,stability,mean_log_prob,stability_jsd,true_reject_rate,false_reject_rate
0,oea_full,0,0.9375,-6.060366,0.49451,0.74632,0.14496
0,oea_full,1,0.172855,-5.942166,0.461024,0.74632,0.14496
0,oea_full,2,0.130178,-5.872735,0.443134,0.74632,0.14496
0,oea_full,3,0.167678,-6.014859,0.486566,0.74632,0.14496
0,oea_full,4,0.1,-5.93247,0.478857,0.74632,0.14496
0,oea_full,5,0.155178,-6.017679,0.489091,0.74632,0.14496
0,oea_full,6,0.205178,-6.050131,0.485478,0.74632,0.14496
0,oea_full,7,0.1375,-6.03247,0.461418,0.74632,0.14496
0,oea_full,8,0.1375,-6.036598,0.497195,0.74632,0.14496
0,oea_full,9,0.153033,-6.091366,0.510361,0.74632,0.14496
0,oea_full,10,0.167678,-6.016022,0.460675,0.74632,0.14496
0,temperature_low,0,0.9375,-6.060366,0.49451,0.6052,0.2256
0,temperature_low,1,0.190533,-5.032281,0.429982,0.6052,0.2256
0,temperature_low,2,0.110355,-5.059255,0.415433,0.6052,0.2256
0,temperature_low,3,0.1125,-5.494172,0.458467,0.6052,0.2256
0,temperature_low,4,0.203033,-5.551289,0.425902,0.6052,0.2256
0,temperature_low,5,0.117678,-5.401262,0.433774,0.6052,0.2256
0,temperature_low,6,0.075,-5.189503,0.429791,0.6052,0.2256
0,temperature_low,7,0.197855,-5.129979,0.418697,0.6052,0.2256
0,temperature_low,8,0.117678,-5.358043,0.454054,0.6052,0.2256
0,temperature_low,9,0.178033,-5.405387,0.430782,0.6052,0.2256
0,temperature_low,10,0.110355,-5.132577,0.404184,0.6052,0.2256
0,top_k,0,0.9375,-6.060366,0.49451,0.6052,0.2256
0,top_k,1,0.172855,-6.006192,0.467388,0.6052,0.2256
0,top_k,2,0.172855,-5.849137,0.456705,0.6052,0.2256
0,top_k,3,0.15,-6.075454,0.50128,0.6052,0.2256
0,top_k,4,0.147855,-6.005718,0.50792,0.6052,0.2256
0,top_k,5,0.130178,-6.120172,0.527936,0.6052,0.2256
0,top_k,6,0.142678,-5.838014,0.45242,0.6052,0.2256
0,top_k,7,0.1,-5.999638,0.487018,0.6052,0.2256
0,top_k,8,0.155178,-6.013746,0.483763,0.6052,0.2256
0,top_k,9,0.130178,-6.152122,0.531258,0.6052,0.2256
0,top_k,10,0.140533,-5.869591,0.451612,0.6052,0.2256
0,entropy_filter,0,0.9375,-6.060366,0.49451,0.6304,0.2112
0,entropy_filter,1,0.172855,-5.942166,0.461024,0.6304,0.2112
0,entropy_filter,2,0.130178,-5.872735,0.443134,0.6304,0.2112
0,entropy_filter,3,0.167678,-6.014859,0.486566,0.6304,0.2112
0,entropy_filter,4,0.1,-5.93247,0.478857,0.6304,0.2112
0,entropy_filter,5,0.155178,-6.017679,0.489091,0.6304,0.2112
0,entropy_filter,6,0.205178,-6.050131,0.485478,0.6304,0.2112
0,entropy_filter,7,0.1375,-6.03247,0.461418,0.6304,0.2112
0,entropy_filter,8,0.1375,-6.036598,0.497195,0.6304,0.2112
0,entropy_filter,9,0.153033,-6.091366,0.510361,0.6304,0.2112
0,entropy_filter,10,0.167678,-6.016022,0.460675,0.6304,0.2112
0,repetition_penalty,0,0.9375,-6.060366,0.49451,0.6052,0.2256
0,repetition_penalty,1,0.230178,-6.090846,0.463949,0.6052,0.2256
0,repetition_penalty,2,0.228033,-6.014199,0.490072,0.6052,0.2256
0,repetition_penalty,3,0.1625,-6.130934,0.49958,0.6052,0.2256
0,repetition_penalty,4,0.172855,-6.040653,0.502692,0.6052,0.2256
0,repetition_penalty,5,0.162184,-6.126537,0.509526,0.6052,0.2256
0,repetition_penalty,6,0.130178,-6.025038,0.461879,0.6052,0.2256
0,repetition_penalty,7,0.190533,-6.067817,0.495877,0.6052,0.2256
0,repetition_penalty,8,0.219506,-6.074594,0.490349,0.6052,0.2256
0,repetition_penalty,9,0.222855,-6.116045,0.514219,0.6052,0.2256
0,repetition_penalty,10,0.1125,-6.104701,0.4853,0.6052,0.2256
0,rag_only,0,0.9375,-6.060366,0.49451,0.59008,0.23424
0,rag_only,1,0.130178,-4.995451,0.398178,0.59008,0.23424
0,rag_only,2,0.153033,-4.993525,0.402598,0.59008,0.23424
0,rag_only,3,0.165533,-4.818752,0.382057,0.59008,0.23424
0,rag_only,4,0.147855,-4.937365,0.404511,0.59008,0.23424
0,rag_only,5,0.180178,-4.985093,0.409122,0.59008,0.23424
0,rag_only,6,0.117678,-4.959407,0.400636,0.59008,0.23424
0,rag_only,7,0.172855,-4.898347,0.40723,0.59008,0.23424
0,rag_only,8,0.130178,-4.93151,0.411502,0.59008,0.23424
0,rag_only,9,0.195711,-4.958758,0.39104,0.59008,0.23424
0,rag_only,10,0.130178,-5.014444,0.415022,0.59008,0.23424
1,oea_full,0,0.993119,-6.052329,0.489694,0.74632,0.14496
1,oea_full,1,0.210355,-6.058354,0.486962,0.74632,0.14496
1,oea_full,2,0.205178,-6.07529,0.48984,0.74632,0.14496
1,oea_full,3,0.140533,-6.093747,0.522709,0.74632,0.14496
1,oea_full,4,0.142678,-6.024333,0.502731,0.74632,0.14496
1,oea_full,5,0.1875,-6.029142,0.490317,0.74632,0.14496
1,oea_full,6,0.212184,-5.982933,0.477701,0.74632,0.14496
1,oea_full,7,0.1,-6.032626,0.490993,0.74632,0.14496
1,oea_full,8,0.233211,-5.942435,0.456389,0.74632,0.14496
1,oea_full,9,0.110355,-6.061339,0.520357,0.74632,0.14496
1,oea_full,10,0.130178,-5.940942,0.47142,0.74632,0.14496
1,temperature_low,0,0.993119,-6.052329,0.489694,0.6052,0.2256
1,temperature_low,1,0.205178,-5.514572,0.440653,0.6052,0.2256
1,temperature_low,2,0.128474,-5.055041,0.393021,0.6052,0.2256
1,temperature_low,3,0.148479,-4.832796,0.3892,0.6052,0.2256
1,temperature_low,4,0.130619,-5.11013,0.405353,0.6052,0.2256
1,temperature_low,5,0.116357,-4.806459,0.382775,0.6052,0.2256
1,temperature_low,6,0.169506,-5.42887,0.418735,0.6052,0.2256
1,temperature_low,7,0.220711,-5.624069,0.450932,0.6052,0.2256
1,temperature_low,8,0.125,-5.512739,0.466928,0.6052,0.2256
1,temperature_low,9,0.185796,-5.45406,0.446879,0.6052,0.2256
1,temperature_low,10,0.200888,-5.288112,0.413009,0.6052,0.2256
1,top_k,0,0.993119,-6.052329,0.489694,0.6052,0.2256
1,top_k,1,0.192678,-6.009025,0.499724,0.6052,0.2256
1,top_k,2,0.060355,-6.042585,0.484994,0.6052,0.2256
1,top_k,3,0.178033,-6.022056,0.451263,0.6052,0.2256
1,top_k,4,0.15,-6.119751,0.53331,0.6052,0.2256
1,top_k,5,0.205178,-6.044168,0.494033,0.6052,0.2256
1,top_k,6,0.130178,-6.123454,0.517133,0.6052,0.2256
1,top_k,7,0.140533,-6.070546,0.506061,0.6052,0.2256
1,top_k,8,0.0875,-6.068415,0.498561,0.6052,0.2256
1,top_k,9,0.042678,-6.121371,0.536329,0.6052,0.2256
1,top_k,10,0.178033,-6.066865,0.516317,0.6052,0.2256
1,entropy_filter,0,0.993119,-6.052329,0.489694,0.6304,0.2112
1,entropy_filter,1,0.210355,-6.058354,0.486962,0.6304,0.2112
1,entropy_filter,2,0.205178,-6.07529,0.48984,0.6304,0.2112
1,entropy_filter,3,0.140533,-6.093747,0.522709,0.6304,0.2112
1,entropy_filter,4,0.142678,-6.024333,0.502731,0.6304,0.2112
1,entropy_filter,5,0.1875,-6.029142,0.490317,0.6304,0.2112
1,entropy_filter,6,0.212184,-5.982933,0.477701,0.6304,0.2112
1,entropy_filter,7,0.1,-6.032626,0.490993,0.6304,0.2112
1,entropy_filter,8,0.233211,-5.942435,0.456389,0.6304,0.2112
1,entropy_filter,9,0.110355,-6.061339,0.520357,0.6304,0.2112
1,entropy_filter,10,0.130178,-5.940942,0.47142,0.6304,0.2112
1,repetition_penalty,0,0.993119,-6.052329,0.489694,0.6052,0.2256
1,repetition_penalty,1,0.197855,-6.102046,0.504319,0.6052,0.2256
1,repetition_penalty,2,0.125,-6.094654,0.513608,0.6052,0.2256
1,repetition_penalty,3,0.197855,-6.157851,0.509988,0.6052,0.2256
1,repetition_penalty,4,0.117678,-6.118363,0.534589,0.6052,0.2256
1,repetition_penalty,5,0.272855,-6.050933,0.475146,0.6052,0.2256
1,repetition_penalty,6,0.147855,-6.048904,0.480499,0.6052,0.2256
1,repetition_penalty,7,0.110355,-6.041304,0.469153,0.6052,0.2256
1,repetition_penalty,8,0.117678,-6.125776,0.506949,0.6052,0.2256
1,repetition_penalty,9,0.135355,-6.130826,0.506889,0.6052,0.2256
1,repetition_penalty,10,0.122855,-6.028863,0.492638,0.6052,0.2256
1,rag_only,0,0.993119,-6.052329,0.489694,0.59008,0.23424
1,rag_only,1,0.203474,-4.920673,0.392286,0.59008,0.23424
1,rag_only,2,0.160355,-4.992802,0.398922,0.59008,0.23424
1,rag_only,3,0.110355,-4.990569,0.400661,0.59008,0.23424
1,rag_only,4,0.110355,-4.960344,0.398795,0.59008,0.23424
1,rag_only,5,0.183211,-5.00093,0.385936,0.59008,0.23424
1,rag_only,6,0.122855,-4.987428,0.406899,0.59008,0.23424
1,rag_only,7,0.160355,-5.013947,0.419262,0.59008,0.23424
1,rag_only,8,0.128033,-4.988705,0.409802,0.59008,0.23424
1,rag_only,9,0.172855,-4.986866,0.408183,0.59008,0.23424
1,rag_only,10,0.201828,-4.968316,0.401625,0.59008,0.23424
2,oea_full,0,0.930178,-5.95134,0.469914,0.74632,0.14496
2,oea_full,1,0.147855,-5.978933,0.512146,0.74632,0.14496
2,oea_full,2,0.15,-5.98416,0.475707,0.74632,0.14496
2,oea_full,3,0.097855,-5.973588,0.518407,0.74632,0.14496
2,oea_full,4,0.180178,-6.04988,0.486334,0.74632,0.14496
2,oea_full,5,0.125,-5.948962,0.510883,0.74632,0.14496
2,oea_full,6,0.168566,-5.956657,0.454648,0.74632,0.14496
2,oea_full,7,0.147855,-5.997788,0.486972,0.74632,0.14496
2,oea_full,8,0.178033,-6.061609,0.483758,0.74632,0.14496
2,oea_full,9,0.208211,-6.002237,0.488229,0.74632,0.14496
2,oea_full,10,0.130178,-6.057962,0.498448,0.74632,0.14496
2,temperature_low,0,0.930178,-5.95134,0.469914,0.6052,0.2256
2,temperature_low,1,0.227717,-5.382494,0.435007,0.6052,0.2256
2,temperature_low,2,0.182812,-4.973693,0.419399,0.6052,0.2256
2,temperature_low,3,0.195711,-5.268275,0.422639,0.6052,0.2256
2,temperature_low,4,0.224684,-5.242169,0.411524,0.6052,0.2256
2,temperature_low,5,0.215533,-5.231856,0.44634,0.6052,0.2256
2,temperature_low,6,0.163306,-5.140402,0.407404,0.6052,0.2256
2,temperature_low,7,0.155178,-5.095882,0.420752,0.6052,0.2256
2,temperature_low,8,0.204861,-5.070596,0.417181,0.6052,0.2256
2,temperature_low,9,0.227634,-5.196684,0.422224,0.6052,0.2256
2,temperature_low,10,0.241421,-5.126992,0.38912,0.6052,0.2256
2,top_k,0,0.930178,-5.95134,0.469914,0.6052,0.2256
2,top_k,1,0.167678,-6.123183,0.524451,0.6052,0.2256
2,top_k,2,0.117678,-5.97919,0.516938,0.6052,0.2256
2,top_k,3,0.198744,-6.09059,0.52692,0.6052,0.2256
2,top_k,4,0.103033,-5.949624,0.500259,0.6052,0.2256
2,top_k,5,0.092678,-6.022164,0.487841,0.6052,0.2256
2,top_k,6,0.1125,-6.062077,0.521543,0.6052,0.2256
2,top_k,7,0.199684,-5.913381,0.464506,0.6052,0.2256
2,top_k,8,0.1625,-5.985377,0.487154,0.6052,0.2256
2,top_k,9,0.097855,-5.973588,0.519837,0.6052,0.2256
2,top_k,10,0.187184,-5.976533,0.485875,0.6052,0.2256
2,entropy_filter,0,0.930178,-5.95134,0.469914,0.6304,0.2112
2,entropy_filter,1,0.147855,-5.978933,0.512146,0.6304,0.2112
2,entropy_filter,2,0.15,-5.98416,0.475707,0.6304,0.2112
2,entropy_filter,3,0.097855,-5.973588,0.518407,0.6304,0.2112
2,entropy_filter,4,0.180178,-6.04988,0.486334,0.6304,0.2112
2,entropy_filter,5,0.125,-5.948962,0.510883,0.6304,0.2112
2,entropy_filter,6,0.168566,-5.956657,0.454648,0.6304,0.2112
2,entropy_filter,7,0.147855,-5.997788,0.486972,0.6304,0.2112
2,entropy_filter,8,0.178033,-6.061609,0.483758,0.6304,0.2112
2,entropy_filter,9,0.208211,-6.002237,0.488229,0.6304,0.2112
2,entropy_filter,10,0.130178,-6.057962,0.498448,0.6304,0.2112
2,repetition_penalty,0,0.930178,-5.95134,0.469914,0.6052,0.2256
2,repetition_penalty,1,0.167678,-6.091544,0.523537,0.6052,0.2256
2,repetition_penalty,2,0.130178,-6.120507,0.51514,0.6052,0.2256
2,repetition_penalty,3,0.239328,-6.022397,0.504593,0.6052,0.2256
2,repetition_penalty,4,0.097855,-6.040592,0.479182,0.6052,0.2256
2,repetition_penalty,5,0.160355,-6.047173,0.493741,0.6052,0.2256
2,repetition_penalty,6,0.1125,-6.164874,0.497959,0.6052,0.2256
2,repetition_penalty,7,0.105178,-5.992369,0.479509,0.6052,0.2256
2,repetition_penalty,8,0.115533,-5.995746,0.511089,0.6052,0.2256
2,repetition_penalty,9,0.125,-5.976315,0.509585,0.6052,0.2256
2,repetition_penalty,10,0.192678,-6.184165,0.518232,0.6052,0.2256
2,rag_only,0,0.930178,-5.95134,0.469914,0.59008,0.23424
2,rag_only,1,0.165533,-5.015972,0.411371,0.59008,0.23424
2,rag_only,2,0.140533,-4.929154,0.409353,0.59008,0.23424
2,rag_only,3,0.128033,-4.841013,0.403572,0.59008,0.23424
2,rag_only,4,0.163388,-5.019523,0.418354,0.59008,0.23424
2,rag_only,5,0.183211,-4.901687,0.40757,0.59008,0.23424
2,rag_only,6,0.206066,-4.986624,0.412753,0.59008,0.23424
2,rag_only,7,0.138388,-4.95087,0.402272,0.59008,0.23424
2,rag_only,8,0.115533,-4.984886,0.420445,0.59008,0.23424
2,rag_only,9,0.170711,-4.960917,0.39546,0.59008,0.23424
2,rag_only,10,0.173479,-4.904477,0.39254,0.59008,0.23424
3,oea_full,0,0.9875,-6.06366,0.514467,0.74632,0.14496
3,oea_full,1,0.1375,-6.097651,0.4986,0.74632,0.14496
3,oea_full,2,0.155178,-6.098584,0.509496,0.74632,0.14496
3,oea_full,3,0.0875,-6.071527,0.508452,0.74632,0.14496
3,oea_full,4,0.155178,-6.011506,0.458137,0.74632,0.14496
3,oea_full,5,0.235979,-6.059085,0.502772,0.74632,0.14496
3,oea_full,6,0.1375,-5.961632,0.475233,0.74632,0.14496
3,oea_full,7,0.253474,-5.968831,0.483538,0.74632,0.14496
3,oea_full,8,0.142678,-6.038437,0.51218,0.74632,0.14496
3,oea_full,9,0.1375,-6.117066,0.491872,0.74632,0.14496
3,oea_full,10,0.157006,-6.009839,0.490497,0.74632,0.14496
3,temperature_low,0,0.9875,-6.06366,0.514467,0.6052,0.2256
3,temperature_low,1,0.1125,-4.898182,0.357564,0.6052,0.2256
3,temperature_low,2,0.117678,-5.156444,0.404468,0.6052,0.2256
3,temperature_low,3,0.160355,-5.204882,0.396221,0.6052,0.2256
3,temperature_low,4,0.125,-5.323058,0.41639,0.6052,0.2256
3,temperature_low,5,0.047855,-5.263779,0.424957,0.6052,0.2256
3,temperature_low,6,0.142678,-5.203296,0.395653,0.6052,0.2256
3,temperature_low,7,0.0875,-5.224798,0.41184,0.6052,0.2256
3,temperature_low,8,0.167678,-5.180915,0.381116,0.6052,0.2256
3,temperature_low,9,0.135355,-5.072973,0.417197,0.6052,0.2256
3,temperature_low,10,0.1125,-4.889448,0.385543,0.6052,0.2256
3,top_k,0,0.9875,-6.06366,0.514467,0.6052,0.2256
3,top_k,1,0.1375,-6.097651,0.4986,0.6052,0.2256
3,top_k,2,0.105178,-6.096943,0.515098,0.6052,0.2256
3,top_k,3,0.165533,-6.056886,0.490043,0.6052,0.2256
3,top_k,4,0.155178,-6.037124,0.515465,0.6052,0.2256
3,top_k,5,0.135355,-6.015612,0.475317,0.6052,0.2256
3,top_k,6,0.075,-6.098545,0.500879,0.6052,0.2256
3,top_k,7,0.1125,-6.014604,0.501603,0.6052,0.2256
3,top_k,8,0.194506,-5.943999,0.474734,0.6052,0.2256
3,top_k,9,0.075,-5.983922,0.491207,0.6052,0.2256
3,top_k,10,0.185355,-6.014654,0.494414,0.6052,0.2256
3,entropy_filter,0,0.9875,-6.06366,0.514467,0.6304,0.2112
3,entropy_filter,1,0.1375,-6.097651,0.4986,0.6304,0.2112
3,entropy_filter,2,0.155178,-6.098584,0.509496,0.6304,0.2112
3,entropy_filter,3,0.0875,-6.071527,0.508452,0.6304,0.2112
3,entropy_filter,4,0.155178,-6.011506,0.458137,0.6304,0.2112
3,entropy_filter,5,0.235979,-6.059085,0.502772,0.6304,0.2112
3,entropy_filter,6,0.1375,-5.961632,0.475233,0.6304,0.2112
3,entropy_filter,7,0.253474,-5.968831,0.483538,0.6304,0.2112
3,entropy_filter,8,0.142678,-6.038437,0.51218,0.6304,0.2112
3,entropy_filter,9,0.1375,-6.117066,0.491872,0.6304,0.2112
3,entropy_filter,10,0.157006,-6.009839,0.490497,0.6304,0.2112
3,repetition_penalty,0,0.9875,-6.06366,0.514467,0.6052,0.2256
3,repetition_penalty,1,0.203033,-6.126915,0.507666,0.6052,0.2256
3,repetition_penalty,2,0.135355,-6.102548,0.504584,0.6052,0.2256
3,repetition_penalty,3,0.190533,-6.139235,0.478641,0.6052,0.2256
3,repetition_penalty,4,0.180178,-6.135071,0.492137,0.6052,0.2256
3,repetition_penalty,5,0.130178,-6.051652,0.481416,0.6052,0.2256
3,repetition_penalty,6,0.067678,-6.106338,0.487662,0.6052,0.2256
3,repetition_penalty,7,0.160355,-6.096627,0.509587,0.6052,0.2256
3,repetition_penalty,8,0.153033,-6.062374,0.487318,0.6052,0.2256
3,repetition_penalty,9,0.117678,-6.171113,0.477649,0.6052,0.2256
3,repetition_penalty,10,0.130178,-6.044456,0.490561,0.6052,0.2256
3,rag_only,0,0.9875,-6.06366,0.514467,0.59008,0.23424
3,rag_only,1,0.130178,-4.985625,0.41059,0.59008,0.23424
3,rag_only,2,0.117678,-4.928032,0.38002,0.59008,0.23424
3,rag_only,3,0.105178,-4.986636,0.402451,0.59008,0.23424
3,rag_only,4,0.147855,-4.95798,0.416026,0.59008,0.23424
3,rag_only,5,0.128033,-4.971483,0.392128,0.59008,0.23424
3,rag_only,6,0.153033,-5.016264,0.415571,0.59008,0.23424
3,rag_only,7,0.155178,-4.995604,0.392722,0.59008,0.23424
3,rag_only,8,0.160355,-4.955532,0.416652,0.59008,0.23424
3,rag_only,9,0.130178,-5.001019,0.39625,0.59008,0.23424
3,rag_only,10,0.110355,-4.996988,0.399056,0.59008,0.23424
4,oea_full,0,0.9375,-6.067758,0.504037,0.74632,0.14496
4,oea_full,1,0.185355,-6.124554,0.506349,0.74632,0.14496
4,oea_full,2,0.067678,-6.044552,0.499297,0.74632,0.14496
4,oea_full,3,0.142678,-5.957565,0.48924,0.74632,0.14496
4,oea_full,4,0.080178,-5.946484,0.477507,0.74632,0.14496
4,oea_full,5,0.110355,-6.070832,0.516299,0.74632,0.14496
4,oea_full,6,0.135355,-6.09367,0.519843,0.74632,0.14496
4,oea_full,7,0.167678,-5.993045,0.464261,0.74632,0.14496
4,oea_full,8,0.117678,-5.973891,0.461456,0.74632,0.14496
4,oea_full,9,0.210355,-6.032775,0.495297,0.74632,0.14496
4,oea_full,10,0.1625,-6.098857,0.499542,0.74632,0.14496
4,temperature_low,0,0.9375,-6.067758,0.504037,0.6052,0.2256
4,temperature_low,1,0.170711,-5.444155,0.464682,0.6052,0.2256
4,temperature_low,2,0.147855,-5.194009,0.413253,0.6052,0.2256
4,temperature_low,3,0.155178,-4.97568,0.403525,0.6052,0.2256
4,temperature_low,4,0.167678,-4.724268,0.396561,0.6052,0.2256
4,temperature_low,5,0.15,-5.324706,0.411751,0.6052,0.2256
4,temperature_low,6,0.075,-5.44186,0.437298,0.6052,0.2256
4,temperature_low,7,0.240533,-5.271777,0.399959,0.6052,0.2256
4,temperature_low,8,0.155178,-5.515806,0.438387,0.6052,0.2256
4,temperature_low,9,0.117678,-5.369186,0.423365,0.6052,0.2256
4,temperature_low,10,0.135355,-5.367957,0.468632,0.6052,0.2256
4,top_k,0,0.9375,-6.067758,0.504037,0.6052,0.2256
4,top_k,1,0.185355,-6.063848,0.500372,0.6052,0.2256
4,top_k,2,0.1875,-6.11399,0.480521,0.6052,0.2256
4,top_k,3,0.135355,-6.102452,0.503652,0.6052,0.2256
4,top_k,4,0.1625,-6.086572,0.469239,0.6052,0.2256
4,top_k,5,0.0625,-5.962771,0.479354,0.6052,0.2256
4,top_k,6,0.167678,-6.046736,0.483871,0.6052,0.2256
4,top_k,7,0.1625,-6.100195,0.50574,0.6052,0.2256
4,top_k,8,0.130178,-5.999615,0.500765,0.6052,0.2256
4,top_k,9,0.210355,-5.952895,0.468048,0.6052,0.2256
4,top_k,10,0.110355,-6.052737,0.473987,0.6052,0.2256
4,entropy_filter,0,0.9375,-6.067758,0.504037,0.6304,0.2112
4,entropy_filter,1,0.185355,-6.124554,0.506349,0.6304,0.2112
4,entropy_filter,2,0.067678,-6.044552,0.499297,0.6304,0.2112
4,entropy_filter,3,0.142678,-5.957565,0.48924,0.6304,0.2112
4,entropy_filter,4,0.080178,-5.946484,0.477507,0.6304,0.2112
4,entropy_filter,5,0.110355,-6.070832,0.516299,0.6304,0.2112
4,entropy_filter,6,0.135355,-6.09367,0.519843,0.6304,0.2112
4,entropy_filter,7,0.167678,-5.993045,0.464261,0.6304,0.2112
4,entropy_filter,8,0.117678,-5.973891,0.461456,0.6304,0.2112
4,entropy_filter,9,0.210355,-6.032775,0.495297,0.6304,0.2112
4,entropy_filter,10,0.1625,-6.098857,0.499542,0.6304,0.2112
4,repetition_penalty,0,0.9375,-6.067758,0.504037,0.6052,0.2256
4,repetition_penalty,1,0.228033,-6.10766,0.484848,0.6052,0.2256
4,repetition_penalty,2,0.185355,-6.130239,0.507607,0.6052,0.2256
4,repetition_penalty,3,0.110355,-6.130354,0.507644,0.6052,0.2256
4,repetition_penalty,4,0.1625,-6.127003,0.506341,0.6052,0.2256
4,repetition_penalty,5,0.142678,-6.083324,0.472755,0.6052,0.2256
4,repetition_penalty,6,0.160355,-6.137547,0.469458,0.6052,0.2256
4,repetition_penalty,7,0.205178,-6.126224,0.510943,0.6052,0.2256
4,repetition_penalty,8,0.135355,-5.919207,0.477081,0.6052,0.2256
4,repetition_penalty,9,0.1375,-6.134632,0.503851,0.6052,0.2256
4,repetition_penalty,10,0.105178,-6.168927,0.47348,0.6052,0.2256
4,rag_only,0,0.9375,-6.067758,0.504037,0.59008,0.23424
4,rag_only,1,0.142678,-4.987496,0.401588,0.59008,0.23424
4,rag_only,2,0.1,-4.984826,0.409188,0.59008,0.23424
4,rag_only,3,0.1125,-5.030599,0.399409,0.59008,0.23424
4,rag_only,4,0.15,-4.994371,0.410955,0.59008,0.23424
4,rag_only,5,0.097855,-4.964382,0.412089,0.59008,0.23424
4,rag_only,6,0.105178,-4.988113,0.413165,0.59008,0.23424
4,rag_only,7,0.0875,-4.990033,0.400581,0.59008,0.23424
4,rag_only,8,0.1125,-5.026656,0.398239,0.59008,0.23424
4,rag_only,9,0.0625,-4.938998,0.389763,0.59008,0.23424
4,rag_only,10,0.0625,-4.904154,0.40215,0.59008,0.23424
5,oea_full,0,0.9875,-6.098058,0.516116,0.74632,0.14496
5,oea_full,1,0.240533,-5.993,0.462469,0.74632,0.14496
5,oea_full,2,0.189328,-6.036551,0.469399,0.74632,0.14496
5,oea_full,3,0.092678,-5.966973,0.443713,0.74632,0.14496
5,oea_full,4,0.092678,-6.028093,0.514895,0.74632,0.14496
5,oea_full,5,0.132006,-5.941812,0.476254,0.74632,0.14496
5,oea_full,6,0.165533,-5.932351,0.501779,0.74632,0.14496
5,oea_full,7,0.117678,-6.041198,0.498228,0.74632,0.14496
5,oea_full,8,0.185355,-6.053674,0.478239,0.74632,0.14496
5,oea_full,9,0.15,-5.960063,0.475452,0.74632,0.14496
5,oea_full,10,0.105178,-5.970702,0.477551,0.74632,0.14496
5,temperature_low,0,0.9875,-6.098058,0.516116,0.6052,0.2256
5,temperature_low,1,0.139328,-5.385948,0.44309,0.6052,0.2256
5,temperature_low,2,0.197855,-5.085554,0.416327,0.6052,0.2256
5,temperature_low,3,0.215533,-5.133329,0.404299,0.6052,0.2256
5,temperature_low,4,0.142678,-5.467148,0.480279,0.6052,0.2256
5,temperature_low,5,0.075,-5.734507,0.496997,0.6052,0.2256
5,temperature_low,6,0.155178,-5.456349,0.425245,0.6052,0.2256
5,temperature_low,7,0.122855,-5.464621,0.441948,0.6052,0.2256
5,temperature_low,8,0.204861,-5.193784,0.428233,0.6052,0.2256
5,temperature_low,9,0.163388,-5.159816,0.4102,0.6052,0.2256
5,temperature_low,10,0.153033,-5.232328,0.415084,0.6052,0.2256
5,top_k,0,0.9875,-6.098058,0.516116,0.6052,0.2256
5,top_k,1,0.238388,-5.995924,0.468164,0.6052,0.2256
5,top_k,2,0.114328,-6.095675,0.51589,0.6052,0.2256
5,top_k,3,0.135355,-6.188175,0.506406,0.6052,0.2256
5,top_k,4,0.110355,-6.017359,0.459824,0.6052,0.2256
5,top_k,5,0.155178,-6.045403,0.498605,0.6052,0.2256
5,top_k,6,0.176828,-6.105359,0.487821,0.6052,0.2256
5,top_k,7,0.105178,-6.08956,0.502408,0.6052,0.2256
5,top_k,8,0.097855,-5.837753,0.443462,0.6052,0.2256
5,top_k,9,0.125,-5.899442,0.449851,0.6052,0.2256
5,top_k,10,0.135355,-6.068538,0.509733,0.6052,0.2256
5,entropy_filter,0,0.9875,-6.098058,0.516116,0.6304,0.2112
5,entropy_filter,1,0.240533,-5.993,0.462469,0.6304,0.2112
5,entropy_filter,2,0.189328,-6.036551,0.469399,0.6304,0.2112
5,entropy_filter,3,0.092678,-5.966973,0.443713,0.6304,0.2112
5,entropy_filter,4,0.092678,-6.028093,0.514895,0.6304,0.2112
5,entropy_filter,5,0.132006,-5.941812,0.476254,0.6304,0.2112
5,entropy_filter,6,0.165533,-5.932351,0.501779,0.6304,0.2112
5,entropy_filter,7,0.117678,-6.041198,0.498228,0.6304,0.2112
5,entropy_filter,8,0.185355,-6.053674,0.478239,0.6304,0.2112
5,entropy_filter,9,0.15,-5.960063,0.475452,0.6304,0.2112
5,entropy_filter,10,0.105178,-5.970702,0.477551,0.6304,0.2112
5,repetition_penalty,0,0.9875,-6.098058,0.516116,0.6052,0.2256
5,repetition_penalty,1,0.124684,-6.066558,0.498841,0.6052,0.2256
5,repetition_penalty,2,0.085979,-6.055722,0.483559,0.6052,0.2256
5,repetition_penalty,3,0.080178,-6.166656,0.498415,0.6052,0.2256
5,repetition_penalty,4,0.117678,-6.138306,0.493184,0.6052,0.2256
5,repetition_penalty,5,0.156066,-6.064257,0.504125,0.6052,0.2256
5,repetition_penalty,6,0.147855,-6.105665,0.49395,0.6052,0.2256
5,repetition_penalty,7,0.110355,-6.058497,0.498008,0.6052,0.2256
5,repetition_penalty,8,0.197855,-6.078156,0.472576,0.6052,0.2256
5,repetition_penalty,9,0.1,-5.908846,0.434968,0.6052,0.2256
5,repetition_penalty,10,0.153033,-6.122188,0.522718,0.6052,0.2256
5,rag_only,0,0.9875,-6.098058,0.516116,0.59008,0.23424
5,rag_only,1,0.15,-4.988214,0.407924,0.59008,0.23424
5,rag_only,2,0.147855,-4.883997,0.383071,0.59008,0.23424
5,rag_only,3,0.092678,-4.982819,0.420767,0.59008,0.23424
5,rag_only,4,0.126828,-4.924076,0.403029,0.59008,0.23424
5,rag_only,5,0.135355,-5.019336,0.397208,0.59008,0.23424
5,rag_only,6,0.110355,-4.991551,0.401331,0.59008,0.23424
5,rag_only,7,0.075,-5.018881,0.399412,0.59008,0.23424
5,rag_only,8,0.160355,-4.976867,0.3914,0.59008,0.23424
5,rag_only,9,0.142678,-4.993894,0.400013,0.59008,0.23424
5,rag_only,10,0.1,-4.96273,0.405537,0.59008,0.23424
6,oea_full,0,0.9875,-6.11631,0.516647,0.74632,0.14496
6,oea_full,1,0.190533,-6.015686,0.510406,0.74632,0.14496
6,oea_full,2,0.110355,-6.050738,0.492953,0.74632,0.14496
6,oea_full,3,0.142678,-6.017938,0.455993,0.74632,0.14496
6,oea_full,4,0.213388,-5.977976,0.480505,0.74632,0.14496
6,oea_full,5,0.110355,-6.045012,0.498321,0.74632,0.14496
6,oea_full,6,0.090533,-5.956488,0.459484,0.74632,0.14496
6,oea_full,7,0.105178,-6.037159,0.487779,0.74632,0.14496
6,oea_full,8,0.172855,-6.042041,0.48943,0.74632,0.14496
6,oea_full,9,0.167678,-6.054509,0.49401,0.74632,0.14496
6,oea_full,10,0.153033,-6.113108,0.486679,0.74632,0.14496
6,temperature_low,0,0.9875,-6.11631,0.516647,0.6052,0.2256
6,temperature_low,1,0.140533,-5.367777,0.415065,0.6052,0.2256
6,temperature_low,2,0.170711,-5.453607,0.432918,0.6052,0.2256
6,temperature_low,3,0.142678,-5.426419,0.439492,0.6052,0.2256
6,temperature_low,4,0.155178,-4.885879,0.370688,0.6052,0.2256
6,temperature_low,5,0.096651,-5.146486,0.433538,0.6052,0.2256
6,temperature_low,6,0.173296,-4.888712,0.383342,0.6052,0.2256
6,temperature_low,7,0.180178,-5.040726,0.408668,0.6052,0.2256
6,temperature_low,8,0.165533,-5.286659,0.414512,0.6052,0.2256
6,temperature_low,9,0.135355,-5.377707,0.407951,0.6052,0.2256
6,temperature_low,10,0.132006,-5.209166,0.403997,0.6052,0.2256
6,top_k,0,0.9875,-6.11631,0.516647,0.6052,0.2256
6,top_k,1,0.208211,-6.065941,0.511182,0.6052,0.2256
6,top_k,2,0.172855,-5.90098,0.492593,0.6052,0.2256
6,top_k,3,0.210355,-5.984622,0.488481,0.6052,0.2256
6,top_k,4,0.092678,-6.012728,0.490549,0.6052,0.2256
6,top_k,5,0.085355,-5.89491,0.463677,0.6052,0.2256
6,top_k,6,0.1125,-6.010348,0.506769,0.6052,0.2256
6,top_k,7,0.167678,-5.881021,0.46108,0.6052,0.2256
6,top_k,8,0.135355,-5.981008,0.491692,0.6052,0.2256
6,top_k,9,0.167678,-5.954889,0.433103,0.6052,0.2256
6,top_k,10,0.213388,-5.960738,0.477681,0.6052,0.2256
6,entropy_filter,0,0.9875,-6.11631,0.516647,0.6304,0.2112
6,entropy_filter,1,0.190533,-6.015686,0.510406,0.6304,0.2112
6,entropy_filter,2,0.110355,-6.050738,0.492953,0.6304,0.2112
6,entropy_filter,3,0.142678,-6.017938,0.455993,0.6304,0.2112
6,entropy_filter,4,0.213388,-5.977976,0.480505,0.6304,0.2112
6,entropy_filter,5,0.110355,-6.045012,0.498321,0.6304,0.2112
6,entropy_filter,6,0.090533,-5.956488,0.459484,0.6304,0.2112
6,entropy_filter,7,0.105178,-6.037159,0.487779,0.6304,0.2112
6,entropy_filter,8,0.172855,-6.042041,0.48943,0.6304,0.2112
6,entropy_filter,9,0.167678,-6.054509,0.49401,0.6304,0.2112
6,entropy_filter,10,0.153033,-6.113108,0.486679,0.6304,0.2112
6,repetition_penalty,0,0.9875,-6.11631,0.516647,0.6052,0.2256
6,repetition_penalty,1,0.203033,-6.042711,0.486744,0.6052,0.2256
6,repetition_penalty,2,0.208211,-6.017143,0.494183,0.6052,0.2256
6,repetition_penalty,3,0.165533,-6.054786,0.476112,0.6052,0.2256
6,repetition_penalty,4,0.126828,-6.069891,0.51444,0.6052,0.2256
6,repetition_penalty,5,0.122855,-6.040188,0.493582,0.6052,0.2256
6,repetition_penalty,6,0.142678,-6.072418,0.480391,0.6052,0.2256
6,repetition_penalty,7,0.125,-6.10471,0.489107,0.6052,0.2256
6,repetition_penalty,8,0.1125,-6.193747,0.494306,0.6052,0.2256
6,repetition_penalty,9,0.130178,-6.133458,0.504909,0.6052,0.2256
6,repetition_penalty,10,0.085355,-6.099334,0.485474,0.6052,0.2256
6,rag_only,0,0.9875,-6.11631,0.516647,0.59008,0.23424
6,rag_only,1,0.165533,-4.926165,0.409884,0.59008,0.23424
6,rag_only,2,0.085355,-4.991821,0.405441,0.59008,0.23424
6,rag_only,3,0.135355,-4.954261,0.422958,0.59008,0.23424
6,rag_only,4,0.105178,-4.964131,0.397283,0.59008,0.23424
6,rag_only,5,0.135355,-4.932872,0.396914,0.59008,0.23424
6,rag_only,6,0.135355,-4.958314,0.405745,0.59008,0.23424
6,rag_only,7,0.067678,-4.906391,0.388656,0.59008,0.23424
6,rag_only,8,0.097855,-4.966352,0.410849,0.59008,0.23424
6,rag_only,9,0.105178,-4.991183,0.396866,0.59008,0.23424
6,rag_only,10,0.072855,-5.024349,0.388071,0.59008,0.23424
7,oea_full,0,0.9875,-6.03301,0.495947,0.74632,0.14496
7,oea_full,1,0.117678,-6.045471,0.463526,0.74632,0.14496
7,oea_full,2,0.092678,-5.9934,0.474787,0.74632,0.14496
7,oea_full,3,0.141157,-6.084405,0.481889,0.74632,0.14496
7,oea_full,4,0.15,-5.961702,0.474648,0.74632,0.14496
7,oea_full,5,0.197855,-6.102323,0.491406,0.74632,0.14496
7,oea_full,6,0.205178,-6.085338,0.516284,0.74632,0.14496
7,oea_full,7,0.185355,-6.010744,0.502476,0.74632,0.14496
7,oea_full,8,0.085355,-6.069179,0.496592,0.74632,0.14496
7,oea_full,9,0.085355,-5.940965,0.464041,0.74632,0.14496
7,oea_full,10,0.121651,-6.037918,0.49776,0.74632,0.14496
7,temperature_low,0,0.9875,-6.03301,0.495947,0.6052,0.2256
7,temperature_low,1,0.128033,-5.333769,0.456936,0.6052,0.2256
7,temperature_low,2,0.160355,-5.106056,0.406377,0.6052,0.2256
7,temperature_low,3,0.203033,-5.651426,0.47518,0.6052,0.2256
7,temperature_low,4,0.140533,-5.346855,0.411183,0.6052,0.2256
7,temperature_low,5,0.1125,-5.35581,0.425551,0.6052,0.2256
7,temperature_low,6,0.180178,-5.070757,0.383599,0.6052,0.2256
7,temperature_low,7,0.180178,-5.167299,0.41029,0.6052,0.2256
7,temperature_low,8,0.215533,-5.456859,0.434793,0.6052,0.2256
7,temperature_low,9,0.105178,-5.633483,0.459313,0.6052,0.2256
7,temperature_low,10,0.142678,-4.951083,0.401584,0.6052,0.2256
7,top_k,0,0.9875,-6.03301,0.495947,0.6052,0.2256
7,top_k,1,0.185355,-5.988909,0.473124,0.6052,0.2256
7,top_k,2,0.125,-5.854969,0.447541,0.6052,0.2256
7,top_k,3,0.117678,-6.068749,0.487568,0.6052,0.2256
7,top_k,4,0.107006,-5.985012,0.493152,0.6052,0.2256
7,top_k,5,0.1875,-5.998818,0.468633,0.6052,0.2256
7,top_k,6,0.1125,-5.896571,0.484512,0.6052,0.2256
7,top_k,7,0.155178,-6.078576,0.495331,0.6052,0.2256
7,top_k,8,0.149684,-6.034999,0.474899,0.6052,0.2256
7,top_k,9,0.189328,-6.180365,0.528315,0.6052,0.2256
7,top_k,10,0.075,-6.123627,0.52203,0.6052,0.2256
7,entropy_filter,0,0.9875,-6.03301,0.495947,0.6304,0.2112
7,entropy_filter,1,0.117678,-6.045471,0.463526,0.6304,0.2112
7,entropy_filter,2,0.092678,-5.9934,0.474787,0.6304,0.2112
7,entropy_filter,3,0.141157,-6.084405,0.481889,0.6304,0.2112
7,entropy_filter,4,0.15,-5.961702,0.474648,0.6304,0.2112
7,entropy_filter,5,0.197855,-6.102323,0.491406,0.6304,0.2112
7,entropy_filter,6,0.205178,-6.085338,0.516284,0.6304,0.2112
7,entropy_filter,7,0.185355,-6.010744,0.502476,0.6304,0.2112
7,entropy_filter,8,0.085355,-6.069179,0.496592,0.6304,0.2112
7,entropy_filter,9,0.085355,-5.940965,0.464041,0.6304,0.2112
7,entropy_filter,10,0.121651,-6.037918,0.49776,0.6304,0.2112
7,repetition_penalty,0,0.9875,-6.03301,0.495947,0.6052,0.2256
7,repetition_penalty,1,0.178033,-6.031969,0.514016,0.6052,0.2256
7,repetition_penalty,2,0.075,-6.015719,0.46031,0.6052,0.2256
7,repetition_penalty,3,0.122855,-6.191162,0.497232,0.6052,0.2256
7,repetition_penalty,4,0.117678,-6.105198,0.493638,0.6052,0.2256
7,repetition_penalty,5,0.117678,-6.09548,0.484022,0.6052,0.2256
7,repetition_penalty,6,0.220711,-6.106736,0.500357,0.6052,0.2256
7,repetition_penalty,7,0.160355,-6.101239,0.510931,0.6052,0.2256
7,repetition_penalty,8,0.155178,-6.156109,0.512535,0.6052,0.2256
7,repetition_penalty,9,0.155178,-6.178584,0.540918,0.6052,0.2256
7,repetition_penalty,10,0.135355,-6.165078,0.496997,0.6052,0.2256
7,rag_only,0,0.9875,-6.03301,0.495947,0.59008,0.23424
7,rag_only,1,0.199684,-4.958127,0.387866,0.59008,0.23424
7,rag_only,2,0.194506,-4.889303,0.3786,0.59008,0.23424
7,rag_only,3,0.194506,-4.996735,0.403115,0.59008,0.23424
7,rag_only,4,0.174684,-4.901544,0.389158,0.59008,0.23424
7,rag_only,5,0.190533,-4.923714,0.40377,0.59008,0.23424
7,rag_only,6,0.174684,-4.995591,0.38857,0.59008,0.23424
7,rag_only,7,0.183834,-4.880469,0.382185,0.59008,0.23424
7,rag_only,8,0.187184,-4.988971,0.402051,0.59008,0.23424
7,rag_only,9,0.257006,-5.000448,0.390994,0.59008,0.23424
7,rag_only,10,0.174684,-4.983808,0.382434,0.59008,0.23424
8,oea_full,0,0.9875,-6.083039,0.479774,0.74632,0.14496
8,oea_full,1,0.240533,-6.025088,0.461023,0.74632,0.14496
8,oea_full,2,0.0875,-6.061584,0.506325,0.74632,0.14496
8,oea_full,3,0.130178,-6.009157,0.462187,0.74632,0.14496
8,oea_full,4,0.172855,-6.041599,0.47619,0.74632,0.14496
8,oea_full,5,0.160355,-6.014869,0.480449,0.74632,0.14496
8,oea_full,6,0.1625,-6.078198,0.482035,0.74632,0.14496
8,oea_full,7,0.222855,-5.97566,0.456132,0.74632,0.14496
8,oea_full,8,0.145711,-5.957012,0.476138,0.74632,0.14496
8,oea_full,9,0.178033,-5.967764,0.471057,0.74632,0.14496
8,oea_full,10,0.172855,-6.089435,0.473925,0.74632,0.14496
8,temperature_low,0,0.9875,-6.083039,0.479774,0.6052,0.2256
8,temperature_low,1,0.186162,-5.207002,0.413178,0.6052,0.2256
8,temperature_low,2,0.160355,-5.453667,0.429961,0.6052,0.2256
8,temperature_low,3,0.182006,-5.456393,0.445757,0.6052,0.2256
8,temperature_low,4,0.173662,-5.116088,0.417571,0.6052,0.2256
8,temperature_low,5,0.144506,-5.436609,0.44384,0.6052,0.2256
8,temperature_low,6,0.210355,-5.473934,0.417842,0.6052,0.2256
8,temperature_low,7,0.155178,-5.313629,0.414285,0.6052,0.2256
8,temperature_low,8,0.205178,-5.305345,0.432268,0.6052,0.2256
8,temperature_low,9,0.205984,-5.070286,0.406043,0.6052,0.2256
8,temperature_low,10,0.183211,-5.356279,0.437517,0.6052,0.2256
8,top_k,0,0.9875,-6.083039,0.479774,0.6052,0.2256
8,top_k,1,0.240533,-5.934029,0.448054,0.6052,0.2256
8,top_k,2,0.208211,-5.747346,0.434036,0.6052,0.2256
8,top_k,3,0.180178,-6.018506,0.492981,0.6052,0.2256
8,top_k,4,0.155178,-5.918035,0.479503,0.6052,0.2256
8,top_k,5,0.142678,-5.915682,0.468521,0.6052,0.2256
8,top_k,6,0.175,-6.033623,0.472449,0.6052,0.2256
8,top_k,7,0.225888,-5.904059,0.450192,0.6052,0.2256
8,top_k,8,0.122855,-5.855685,0.44373,0.6052,0.2256
8,top_k,9,0.075,-6.076252,0.49089,0.6052,0.2256
8,top_k,10,0.178033,-6.104076,0.49552,0.6052,0.2256
8,entropy_filter,0,0.9875,-6.083039,0.479774,0.6304,0.2112
8,entropy_filter,1,0.240533,-6.025088,0.461023,0.6304,0.2112
8,entropy_filter,2,0.0875,-6.061584,0.506325,0.6304,0.2112
8,entropy_filter,3,0.130178,-6.009157,0.462187,0.6304,0.2112
8,entropy_filter,4,0.172855,-6.041599,0.47619,0.6304,0.2112
8,entropy_filter,5,0.160355,-6.014869,0.480449,0.6304,0.2112
8,entropy_filter,6,0.1625,-6.078198,0.482035,0.6304,0.2112
8,entropy_filter,7,0.222855,-5.97566,0.456132,0.6304,0.2112
8,entropy_filter,8,0.145711,-5.957012,0.476138,0.6304,0.2112
8,entropy_filter,9,0.178033,-5.967764,0.471057,0.6304,0.2112
8,entropy_filter,10,0.172855,-6.089435,0.473925,0.6304,0.2112
8,repetition_penalty,0,0.9875,-6.083039,0.479774,0.6052,0.2256
8,repetition_penalty,1,0.247855,-6.118341,0.467377,0.6052,0.2256
8,repetition_penalty,2,0.210355,-6.117425,0.465125,0.6052,0.2256
8,repetition_penalty,3,0.172855,-6.089639,0.476843,0.6052,0.2256
8,repetition_penalty,4,0.15,-6.100291,0.504042,0.6052,0.2256
8,repetition_penalty,5,0.097855,-6.009612,0.491802,0.6052,0.2256
8,repetition_penalty,6,0.1375,-6.101499,0.484631,0.6052,0.2256
8,repetition_penalty,7,0.217678,-6.118795,0.476444,0.6052,0.2256
8,repetition_penalty,8,0.1125,-6.114278,0.465509,0.6052,0.2256
8,repetition_penalty,9,0.142678,-6.040943,0.511686,0.6052,0.2256
8,repetition_penalty,10,0.215533,-6.099596,0.502415,0.6052,0.2256
8,rag_only,0,0.9875,-6.083039,0.479774,0.59008,0.23424
8,rag_only,1,0.185355,-4.954212,0.38722,0.59008,0.23424
8,rag_only,2,0.201329,-4.891059,0.395133,0.59008,0.23424
8,rag_only,3,0.140533,-5.008798,0.391774,0.59008,0.23424
8,rag_only,4,0.130178,-4.996619,0.387047,0.59008,0.23424
8,rag_only,5,0.192678,-4.962536,0.403427,0.59008,0.23424
8,rag_only,6,0.160355,-4.996796,0.407276,0.59008,0.23424
8,rag_only,7,0.195711,-5.027017,0.406613,0.59008,0.23424
8,rag_only,8,0.155178,-4.925929,0.408238,0.59008,0.23424
8,rag_only,9,0.142678,-5.015746,0.408911,0.59008,0.23424
8,rag_only,10,0.117678,-4.959407,0.409371,0.59008,0.23424
9,oea_full,0,0.992678,-6.128872,0.513815,0.74632,0.14496
9,oea_full,1,0.192678,-6.00299,0.468727,0.74632,0.14496
9,oea_full,2,0.115533,-5.863766,0.449717,0.74632,0.14496
9,oea_full,3,0.247855,-6.047048,0.489185,0.74632,0.14496
9,oea_full,4,0.117678,-5.986119,0.49402,0.74632,0.14496
9,oea_full,5,0.170711,-6.12394,0.524117,0.74632,0.14496
9,oea_full,6,0.097855,-6.034543,0.505074,0.74632,0.14496
9,oea_full,7,0.122855,-6.011452,0.465189,0.74632,0.14496
9,oea_full,8,0.140533,-6.000961,0.494944,0.74632,0.14496
9,oea_full,9,0.228033,-6.028852,0.473394,0.74632,0.14496
9,oea_full,10,0.167678,-5.99775,0.475132,0.74632,0.14496
9,temperature_low,0,0.992678,-6.128872,0.513815,0.6052,0.2256
9,temperature_low,1,0.160355,-5.609082,0.466664,0.6052,0.2256
9,temperature_low,2,0.122855,-5.13496,0.401643,0.6052,0.2256
9,temperature_low,3,0.197855,-5.30991,0.441568,0.6052,0.2256
9,temperature_low,4,0.165533,-5.766974,0.4937,0.6052,0.2256
9,temperature_low,5,0.140533,-5.061087,0.413049,0.6052,0.2256
9,temperature_low,6,0.178033,-5.074956,0.420527,0.6052,0.2256
9,temperature_low,7,0.130178,-5.297951,0.409542,0.6052,0.2256
9,temperature_low,8,0.172855,-5.149572,0.375132,0.6052,0.2256
9,temperature_low,9,0.145711,-5.068167,0.398272,0.6052,0.2256
9,temperature_low,10,0.197855,-5.662342,0.449299,0.6052,0.2256
9,top_k,0,0.992678,-6.128872,0.513815,0.6052,0.2256
9,top_k,1,0.172855,-6.187267,0.504333,0.6052,0.2256
9,top_k,2,0.155178,-5.966722,0.48029,0.6052,0.2256
9,top_k,3,0.130178,-6.106479,0.520596,0.6052,0.2256
9,top_k,4,0.117678,-6.131313,0.503522,0.6052,0.2256
9,top_k,5,0.115533,-5.891122,0.471168,0.6052,0.2256
9,top_k,6,0.125888,-5.728559,0.434354,0.6052,0.2256
9,top_k,7,0.125,-6.070238,0.501836,0.6052,0.2256
9,top_k,8,0.125,-6.075523,0.492625,0.6052,0.2256
9,top_k,9,0.253033,-5.930911,0.477626,0.6052,0.2256
9,top_k,10,0.1625,-6.154785,0.516477,0.6052,0.2256
9,entropy_filter,0,0.992678,-6.128872,0.513815,0.6304,0.2112
9,entropy_filter,1,0.192678,-6.00299,0.468727,0.6304,0.2112
9,entropy_filter,2,0.115533,-5.863766,0.449717,0.6304,0.2112
9,entropy_filter,3,0.247855,-6.047048,0.489185,0.6304,0.2112
9,entropy_filter,4,0.117678,-5.986119,0.49402,0.6304,0.2112
9,entropy_filter,5,0.170711,-6.12394,0.524117,0.6304,0.2112
9,entropy_filter,6,0.097855,-6.034543,0.505074,0.6304,0.2112
9,entropy_filter,7,0.122855,-6.011452,0.465189,0.6304,0.2112
9,entropy_filter,8,0.140533,-6.000961,0.494944,0.6304,0.2112
9,entropy_filter,9,0.228033,-6.028852,0.473394,0.6304,0.2112
9,entropy_filter,10,0.167678,-5.99775,0.475132,0.6304,0.2112
9,repetition_penalty,0,0.992678,-6.128872,0.513815,0.6052,0.2256
9,repetition_penalty,1,0.135355,-6.161954,0.50047,0.6052,0.2256
9,repetition_penalty,2,0.167678,-6.019265,0.488054,0.6052,0.2256
9,repetition_penalty,3,0.125,-5.945694,0.487528,0.6052,0.2256
9,repetition_penalty,4,0.160355,-6.13325,0.498149,0.6052,0.2256
9,repetition_penalty,5,0.147855,-5.930222,0.466915,0.6052,0.2256
9,repetition_penalty,6,0.185355,-6.034664,0.469602,0.6052,0.2256
9,repetition_penalty,7,0.205178,-6.070221,0.500113,0.6052,0.2256
9,repetition_penalty,8,0.192678,-6.086587,0.445753,0.6052,0.2256
9,repetition_penalty,9,0.228033,-6.048073,0.488225,0.6052,0.2256
9,repetition_penalty,10,0.170711,-6.120634,0.481316,0.6052,0.2256
9,rag_only,0,0.992678,-6.128872,0.513815,0.59008,0.23424
9,rag_only,1,0.1125,-5.020741,0.395993,0.59008,0.23424
9,rag_only,2,0.1,-5.015987,0.409246,0.59008,0.23424
9,rag_only,3,0.142678,-4.963731,0.404437,0.59008,0.23424
9,rag_only,4,0.085355,-4.918102,0.386014,0.59008,0.23424
9,rag_only,5,0.130178,-4.986758,0.407206,0.59008,0.23424
9,rag_only,6,0.1125,-5.01549,0.411123,0.59008,0.23424
9,rag_only,7,0.1,-4.997205,0.4031,0.59008,0.23424
9,rag_only,8,0.130178,-5.016234,0.415383,0.59008,0.23424
9,rag_only,9,0.130178,-4.933072,0.392037,0.59008,0.23424
9,rag_only,10,0.092678,-4.919144,0.409929,0.59008,0.23424
10,oea_full,0,0.972855,-6.155005,0.522437,0.74632,0.14496
10,oea_full,1,0.153033,-5.969778,0.494763,0.74632,0.14496
10,oea_full,2,0.167678,-6.098246,0.491613,0.74632,0.14496
10,oea_full,3,0.172855,-6.008246,0.473079,0.74632,0.14496
10,oea_full,4,0.165533,-6.099074,0.511676,0.74632,0.14496
10,oea_full,5,0.122855,-6.015302,0.496276,0.74632,0.14496
10,oea_full,6,0.155178,-5.987004,0.478498,0.74632,0.14496
10,oea_full,7,0.153033,-5.896829,0.448846,0.74632,0.14496
10,oea_full,8,0.15,-6.02355,0.480587,0.74632,0.14496
10,oea_full,9,0.097855,-6.003409,0.512979,0.74632,0.14496
10,oea_full,10,0.183211,-6.046587,0.501474,0.74632,0.14496
10,temperature_low,0,0.972855,-6.155005,0.522437,0.6052,0.2256
10,temperature_low,1,0.135355,-5.255836,0.417205,0.6052,0.2256
10,temperature_low,2,0.1375,-5.273348,0.410604,0.6052,0.2256
10,temperature_low,3,0.170711,-5.47994,0.456249,0.6052,0.2256
10,temperature_low,4,0.105178,-5.33715,0.424377,0.6052,0.2256
10,temperature_low,5,0.160355,-5.253428,0.408429,0.6052,0.2256
10,temperature_low,6,0.128033,-5.341332,0.4218,0.6052,0.2256
10,temperature_low,7,0.080178,-4.830023,0.399256,0.6052,0.2256
10,temperature_low,8,0.131066,-5.318554,0.430338,0.6052,0.2256
10,temperature_low,9,0.167678,-5.145344,0.392502,0.6052,0.2256
10,temperature_low,10,0.1125,-5.343249,0.411944,0.6052,0.2256
10,top_k,0,0.972855,-6.155005,0.522437,0.6052,0.2256
10,top_k,1,0.135355,-6.017706,0.477567,0.6052,0.2256
10,top_k,2,0.155178,-5.981662,0.477448,0.6052,0.2256
10,top_k,3,0.122855,-5.939424,0.494763,0.6052,0.2256
10,top_k,4,0.167678,-6.098246,0.491613,0.6052,0.2256
10,top_k,5,0.110355,-6.01182,0.502149,0.6052,0.2256
10,top_k,6,0.233211,-6.048709,0.47817,0.6052,0.2256
10,top_k,7,0.160355,-5.952081,0.463784,0.6052,0.2256
10,top_k,8,0.140533,-6.04832,0.488608,0.6052,0.2256
10,top_k,9,0.097855,-5.895088,0.427359,0.6052,0.2256
10,top_k,10,0.142678,-6.109262,0.511539,0.6052,0.2256
10,entropy_filter,0,0.972855,-6.155005,0.522437,0.6304,0.2112
10,entropy_filter,1,0.153033,-5.969778,0.494763,0.6304,0.2112
10,entropy_filter,2,0.167678,-6.098246,0.491613,0.6304,0.2112
10,entropy_filter,3,0.172855,-6.008246,0.473079,0.6304,0.2112
10,entropy_filter,4,0.165533,-6.099074,0.511676,0.6304,0.2112
10,entropy_filter,5,0.122855,-6.015302,0.496276,0.6304,0.2112
10,entropy_filter,6,0.155178,-5.987004,0.478498,0.6304,0.2112
10,entropy_filter,7,0.153033,-5.896829,0.448846,0.6304,0.2112
10,entropy_filter,8,0.15,-6.02355,0.480587,0.6304,0.2112
10,entropy_filter,9,0.097855,-6.003409,0.512979,0.6304,0.2112
10,entropy_filter,10,0.183211,-6.046587,0.501474,0.6304,0.2112
10,repetition_penalty,0,0.972855,-6.155005,0.522437,0.6052,0.2256
10,repetition_penalty,1,0.203033,-6.047619,0.480766,0.6052,0.2256
10,repetition_penalty,2,0.192678,-6.103913,0.497748,0.6052,0.2256
10,repetition_penalty,3,0.122855,-6.034706,0.502026,0.6052,0.2256
10,repetition_penalty,4,0.105178,-6.136069,0.491693,0.6052,0.2256
10,repetition_penalty,5,0.158211,-5.99512,0.475924,0.6052,0.2256
10,repetition_penalty,6,0.185355,-6.13343,0.516749,0.6052,0.2256
10,repetition_penalty,7,0.1625,-6.011292,0.467409,0.6052,0.2256
10,repetition_penalty,8,0.192678,-6.140684,0.47943,0.6052,0.2256
10,repetition_penalty,9,0.142678,-6.005213,0.470192,0.6052,0.2256
10,repetition_penalty,10,0.172855,-6.149241,0.487823,0.6052,0.2256
10,rag_only,0,0.972855,-6.155005,0.522437,0.59008,0.23424
10,rag_only,1,0.176828,-5.028268,0.397626,0.59008,0.23424
10,rag_only,2,0.164328,-4.873062,0.37786,0.59008,0.23424
10,rag_only,3,0.162184,-4.955981,0.39577,0.59008,0.23424
10,rag_only,4,0.179861,-4.936617,0.398683,0.59008,0.23424
10,rag_only,5,0.192361,-4.958451,0.407382,0.59008,0.23424
10,rag_only,6,0.135355,-4.862095,0.399334,0.59008,0.23424
10,rag_only,7,0.169506,-4.999021,0.398419,0.59008,0.23424
10,rag_only,8,0.185979,-4.950213,0.410011,0.59008,0.23424
10,rag_only,9,0.157006,-5.02334,0.398644,0.59008,0.23424
10,rag_only,10,0.167361,-4.954197,0.396094,0.59008,0.23424
11,oea_full,0,0.9875,-6.083107,0.489603,0.74632,0.14496
11,oea_full,1,0.147855,-5.986176,0.468657,0.74632,0.14496
11,oea_full,2,0.185355,-6.093128,0.520958,0.74632,0.14496
11,oea_full,3,0.180178,-5.915395,0.462805,0.74632,0.14496
11,oea_full,4,0.199684,-6.061131,0.476513,0.74632,0.14496
11,oea_full,5,0.190533,-6.018368,0.486588,0.74632,0.14496
11,oea_full,6,0.149684,-6.017596,0.493837,0.74632,0.14496
11,oea_full,7,0.142678,-5.958559,0.450021,0.74632,0.14496
11,oea_full,8,0.182006,-6.014217,0.507179,0.74632,0.14496
11,oea_full,9,0.185355,-6.056775,0.498126,0.74632,0.14496
11,oea_full,10,0.233211,-6.062666,0.478021,0.74632,0.14496
11,temperature_low,0,0.9875,-6.083107,0.489603,0.6052,0.2256
11,temperature_low,1,0.205801,-5.024449,0.39936,0.6052,0.2256
11,temperature_low,2,0.158129,-5.209913,0.416021,0.6052,0.2256
11,temperature_low,3,0.217802,-4.997935,0.409426,0.6052,0.2256
11,temperature_low,4,0.190533,-5.148785,0.416017,0.6052,0.2256
11,temperature_low,5,0.169506,-5.261673,0.420646,0.6052,0.2256
11,temperature_low,6,0.132006,-5.120641,0.391674,0.6052,0.2256
11,temperature_low,7,0.210039,-5.529511,0.423001,0.6052,0.2256
11,temperature_low,8,0.229861,-5.679782,0.480904,0.6052,0.2256
11,temperature_low,9,0.164328,-5.119297,0.405948,0.6052,0.2256
11,temperature_low,10,0.199684,-5.367211,0.424583,0.6052,0.2256
11,top_k,0,0.9875,-6.083107,0.489603,0.6052,0.2256
11,top_k,1,0.180178,-6.006642,0.489814,0.6052,0.2256
11,top_k,2,0.185355,-5.874081,0.447274,0.6052,0.2256
11,top_k,3,0.147855,-6.103668,0.484357,0.6052,0.2256
11,top_k,4,0.197855,-6.055359,0.518195,0.6052,0.2256
11,top_k,5,0.075,-6.107995,0.506138,0.6052,0.2256
11,top_k,6,0.183211,-5.999856,0.487422,0.6052,0.2256
11,top_k,7,0.147855,-6.049009,0.509673,0.6052,0.2256
11,top_k,8,0.192678,-5.823818,0.463382,0.6052,0.2256
11,top_k,9,0.208211,-5.956907,0.497637,0.6052,0.2256
11,top_k,10,0.212184,-6.021177,0.488605,0.6052,0.2256
11,entropy_filter,0,0.9875,-6.083107,0.489603,0.6304,0.2112
11,entropy_filter,1,0.147855,-5.986176,0.468657,0.6304,0.2112
11,entropy_filter,2,0.185355,-6.093128,0.520958,0.6304,0.2112
11,entropy_filter,3,0.180178,-5.915395,0.462805,0.6304,0.2112
11,entropy_filter,4,0.199684,-6.061131,0.476513,0.6304,0.2112
11,entropy_filter,5,0.190533,-6.018368,0.486588,0.6304,0.2112
11,entropy_filter,6,0.149684,-6.017596,0.493837,0.6304,0.2112
11,entropy_filter,7,0.142678,-5.958559,0.450021,0.6304,0.2112
11,entropy_filter,8,0.182006,-6.014217,0.507179,0.6304,0.2112
11,entropy_filter,9,0.185355,-6.056775,0.498126,0.6304,0.2112
11,entropy_filter,10,0.233211,-6.062666,0.478021,0.6304,0.2112
11,repetition_penalty,0,0.9875,-6.083107,0.489603,0.6052,0.2256
11,repetition_penalty,1,0.142678,-6.106188,0.498422,0.6052,0.2256
11,repetition_penalty,2,0.1,-6.052348,0.48896,0.6052,0.2256
11,repetition_penalty,3,0.190533,-6.160626,0.501227,0.6052,0.2256
11,repetition_penalty,4,0.180178,-6.098367,0.501294,0.6052,0.2256
11,repetition_penalty,5,0.172855,-6.194926,0.508265,0.6052,0.2256
11,repetition_penalty,6,0.272539,-6.101574,0.494395,0.6052,0.2256
11,repetition_penalty,7,0.105178,-6.122495,0.521724,0.6052,0.2256
11,repetition_penalty,8,0.130178,-6.087878,0.468969,0.6052,0.2256
11,repetition_penalty,9,0.228033,-5.97314,0.476918,0.6052,0.2256
11,repetition_penalty,10,0.189328,-6.104258,0.495549,0.6052,0.2256
11,rag_only,0,0.9875,-6.083107,0.489603,0.59008,0.23424
11,rag_only,1,0.147855,-5.02029,0.409124,0.59008,0.23424
11,rag_only,2,0.154861,-4.906765,0.399649,0.59008,0.23424
11,rag_only,3,0.192361,-4.910862,0.380929,0.59008,0.23424
11,rag_only,4,0.149684,-4.960787,0.381134,0.59008,0.23424
11,rag_only,5,0.162184,-5.024892,0.402216,0.59008,0.23424
11,rag_only,6,0.141157,-4.93625,0.40594,0.59008,0.23424
11,rag_only,7,0.182006,-4.956518,0.40467,0.59008,0.23424
11,rag_only,8,0.183834,-4.964577,0.407032,0.59008,0.23424
11,rag_only,9,0.162184,-4.99144,0.401076,0.59008,0.23424
11,rag_only,10,0.132006,-5.017773,0.406285,0.59008,0.23424
12,oea_full,0,0.942678,-6.004999,0.475241,0.74632,0.14496
12,oea_full,1,0.05,-6.004092,0.465333,0.74632,0.14496
12,oea_full,2,0.155178,-6.074889,0.477259,0.74632,0.14496
12,oea_full,3,0.210355,-6.005453,0.518151,0.74632,0.14496
12,oea_full,4,0.197855,-6.009912,0.472711,0.74632,0.14496
12,oea_full,5,0.2125,-5.988941,0.472185,0.74632,0.14496
12,oea_full,6,0.195711,-5.993167,0.48858,0.74632,0.14496
12,oea_full,7,0.244506,-6.054988,0.472285,0.74632,0.14496
12,oea_full,8,0.153033,-6.070326,0.493841,0.74632,0.14496
12,oea_full,9,0.117678,-5.966891,0.468682,0.74632,0.14496
12,oea_full,10,0.092678,-6.0444,0.489487,0.74632,0.14496
12,temperature_low,0,0.942678,-6.004999,0.475241,0.6052,0.2256
12,temperature_low,1,0.135355,-5.13851,0.416846,0.6052,0.2256
12,temperature_low,2,0.220711,-5.257048,0.412663,0.6052,0.2256
12,temperature_low,3,0.140533,-5.181268,0.419539,0.6052,0.2256
12,temperature_low,4,0.160355,-5.121591,0.38414,0.6052,0.2256
12,temperature_low,5,0.147855,-5.129737,0.397958,0.6052,0.2256
12,temperature_low,6,0.1625,-5.385421,0.42215,0.6052,0.2256
12,temperature_low,7,0.135355,-5.30964,0.422049,0.6052,0.2256
12,temperature_low,8,0.128033,-5.210854,0.412935,0.6052,0.2256
12,temperature_low,9,0.167678,-4.855961,0.383905,0.6052,0.2256
12,temperature_low,10,0.165533,-5.187119,0.424446,0.6052,0.2256
12,top_k,0,0.942678,-6.004999,0.475241,0.6052,0.2256
12,top_k,1,0.142678,-6.105659,0.491856,0.6052,0.2256
12,top_k,2,0.067678,-5.850757,0.44929,0.6052,0.2256
12,top_k,3,0.110355,-6.149538,0.530861,0.6052,0.2256
12,top_k,4,0.142678,-6.131272,0.515085,0.6052,0.2256
12,top_k,5,0.235039,-6.12837,0.494563,0.6052,0.2256
12,top_k,6,0.155178,-5.961726,0.461729,0.6052,0.2256
12,top_k,7,0.155178,-6.057995,0.496405,0.6052,0.2256
12,top_k,8,0.208211,-5.917789,0.510167,0.6052,0.2256
12,top_k,9,0.158834,-6.011229,0.489165,0.6052,0.2256
12,top_k,10,0.163388,-6.000851,0.519879,0.6052,0.2256
12,entropy_filter,0,0.942678,-6.004999,0.475241,0.6304,0.2112
12,entropy_filter,1,0.05,-6.004092,0.465333,0.6304,0.2112
12,entropy_filter,2,0.155178,-6.074889,0.477259,0.6304,0.2112
12,entropy_filter,3,0.210355,-6.005453,0.518151,0.6304,0.2112
12,entropy_filter,4,0.197855,-6.009912,0.472711,0.6304,0.2112
12,entropy_filter,5,0.2125,-5.988941,0.472185,0.6304,0.2112
12,entropy_filter,6,0.195711,-5.993167,0.48858,0.6304,0.2112
12,entropy_filter,7,0.244506,-6.054988,0.472285,0.6304,0.2112
12,entropy_filter,8,0.153033,-6.070326,0.493841,0.6304,0.2112
12,entropy_filter,9,0.117678,-5.966891,0.468682,0.6304,0.2112
12,entropy_filter,10,0.092678,-6.0444,0.489487,0.6304,0.2112
12,repetition_penalty,0,0.942678,-6.004999,0.475241,0.6052,0.2256
12,repetition_penalty,1,0.171651,-6.132381,0.508172,0.6052,0.2256
12,repetition_penalty,2,0.0625,-6.062621,0.464978,0.6052,0.2256
12,repetition_penalty,3,0.169506,-6.093477,0.515821,0.6052,0.2256
12,repetition_penalty,4,0.1,-6.09868,0.498709,0.6052,0.2256
12,repetition_penalty,5,0.092678,-6.167366,0.494192,0.6052,0.2256
12,repetition_penalty,6,0.169506,-6.081892,0.472376,0.6052,0.2256
12,repetition_penalty,7,0.228033,-6.063803,0.500168,0.6052,0.2256
12,repetition_penalty,8,0.172855,-6.02858,0.506202,0.6052,0.2256
12,repetition_penalty,9,0.145711,-6.062179,0.494112,0.6052,0.2256
12,repetition_penalty,10,0.223744,-6.047081,0.480694,0.6052,0.2256
12,rag_only,0,0.942678,-6.004999,0.475241,0.59008,0.23424
12,rag_only,1,0.105178,-4.988716,0.408195,0.59008,0.23424
12,rag_only,2,0.135355,-5.009443,0.383161,0.59008,0.23424
12,rag_only,3,0.067678,-4.887866,0.40297,0.59008,0.23424
12,rag_only,4,0.105178,-4.970839,0.3761,0.59008,0.23424
12,rag_only,5,0.158211,-4.985619,0.408547,0.59008,0.23424
12,rag_only,6,0.072855,-5.014716,0.413639,0.59008,0.23424
12,rag_only,7,0.130178,-4.98385,0.41694,0.59008,0.23424
12,rag_only,8,0.160355,-5.000511,0.399035,0.59008,0.23424
12,rag_only,9,0.178033,-5.026132,0.393025,0.59008,0.23424
12,rag_only,10,0.192361,-5.021089,0.399812,0.59008,0.23424
13,oea_full,0,0.980178,-6.076899,0.482754,0.74632,0.14496
13,oea_full,1,0.210355,-5.909286,0.455548,0.74632,0.14496
13,oea_full,2,0.092678,-5.94942,0.46688,0.74632,0.14496
13,oea_full,3,0.147855,-6.023079,0.477576,0.74632,0.14496
13,oea_full,4,0.180178,-6.005873,0.490445,0.74632,0.14496
13,oea_full,5,0.122855,-6.079897,0.49528,0.74632,0.14496
13,oea_full,6,0.178033,-6.01432,0.504469,0.74632,0.14496
13,oea_full,7,0.1,-6.00279,0.467116,0.74632,0.14496
13,oea_full,8,0.105178,-6.018087,0.468717,0.74632,0.14496
13,oea_full,9,0.135355,-6.022847,0.476853,0.74632,0.14496
13,oea_full,10,0.138388,-6.066479,0.460144,0.74632,0.14496
13,temperature_low,0,0.980178,-6.076899,0.482754,0.6052,0.2256
13,temperature_low,1,0.207006,-5.025741,0.409192,0.6052,0.2256
13,temperature_low,2,0.142678,-5.154063,0.412581,0.6052,0.2256
13,temperature_low,3,0.197855,-5.320218,0.412091,0.6052,0.2256
13,temperature_low,4,0.185355,-5.389732,0.44595,0.6052,0.2256
13,temperature_low,5,0.220711,-5.068293,0.396253,0.6052,0.2256
13,temperature_low,6,0.206066,-5.193475,0.424695,0.6052,0.2256
13,temperature_low,7,0.165533,-5.279839,0.422455,0.6052,0.2256
13,temperature_low,8,0.153033,-5.350729,0.422909,0.6052,0.2256
13,temperature_low,9,0.165533,-5.249532,0.399776,0.6052,0.2256
13,temperature_low,10,0.222855,-5.676209,0.459764,0.6052,0.2256
13,top_k,0,0.980178,-6.076899,0.482754,0.6052,0.2256
13,top_k,1,0.197855,-5.854719,0.46285,0.6052,0.2256
13,top_k,2,0.135355,-5.874376,0.458821,0.6052,0.2256
13,top_k,3,0.117678,-5.979931,0.509225,0.6052,0.2256
13,top_k,4,0.155178,-6.03448,0.474922,0.6052,0.2256
13,top_k,5,0.110355,-5.859182,0.453493,0.6052,0.2256
13,top_k,6,0.147855,-5.825605,0.423242,0.6052,0.2256
13,top_k,7,0.155178,-6.099073,0.508709,0.6052,0.2256
13,top_k,8,0.05,-6.120592,0.53644,0.6052,0.2256
13,top_k,9,0.130178,-5.985818,0.474467,0.6052,0.2256
13,top_k,10,0.172855,-5.976556,0.485001,0.6052,0.2256
13,entropy_filter,0,0.980178,-6.076899,0.482754,0.6304,0.2112
13,entropy_filter,1,0.210355,-5.909286,0.455548,0.6304,0.2112
13,entropy_filter,2,0.092678,-5.94942,0.46688,0.6304,0.2112
13,entropy_filter,3,0.147855,-6.023079,0.477576,0.6304,0.2112
13,entropy_filter,4,0.180178,-6.005873,0.490445,0.6304,0.2112
13,entropy_filter,5,0.122855,-6.079897,0.49528,0.6304,0.2112
13,entropy_filter,6,0.178033,-6.01432,0.504469,0.6304,0.2112
13,entropy_filter,7,0.1,-6.00279,0.467116,0.6304,0.2112
13,entropy_filter,8,0.105178,-6.018087,0.468717,0.6304,0.2112
13,entropy_filter,9,0.135355,-6.022847,0.476853,0.6304,0.2112
13,entropy_filter,10,0.138388,-6.066479,0.460144,0.6304,0.2112
13,repetition_penalty,0,0.980178,-6.076899,0.482754,0.6052,0.2256
13,repetition_penalty,1,0.253033,-6.104764,0.493783,0.6052,0.2256
13,repetition_penalty,2,0.160355,-5.998951,0.452681,0.6052,0.2256
13,repetition_penalty,3,0.192678,-6.103206,0.49616,0.6052,0.2256
13,repetition_penalty,4,0.1,-6.022838,0.478881,0.6052,0.2256
13,repetition_penalty,5,0.130178,-6.004642,0.451025,0.6052,0.2256
13,repetition_penalty,6,0.217678,-5.987011,0.477653,0.6052,0.2256
13,repetition_penalty,7,0.1625,-6.158464,0.499947,0.6052,0.2256
13,repetition_penalty,8,0.1375,-6.064447,0.518418,0.6052,0.2256
13,repetition_penalty,9,0.205178,-5.955829,0.490352,0.6052,0.2256
13,repetition_penalty,10,0.147855,-6.082962,0.475343,0.6052,0.2256
13,rag_only,0,0.980178,-6.076899,0.482754,0.59008,0.23424
13,rag_only,1,0.189328,-4.887636,0.391291,0.59008,0.23424
13,rag_only,2,0.132006,-4.874721,0.390631,0.59008,0.23424
13,rag_only,3,0.109151,-4.979049,0.393416,0.59008,0.23424
13,rag_only,4,0.176828,-4.956052,0.391502,0.59008,0.23424
13,rag_only,5,0.130801,-4.957994,0.41618,0.59008,0.23424
13,rag_only,6,0.134151,-4.928124,0.411948,0.59008,0.23424
13,rag_only,7,0.149684,-4.945871,0.401257,0.59008,0.23424
13,rag_only,8,0.184151,-5.016693,0.413793,0.59008,0.23424
13,rag_only,9,0.134151,-4.887269,0.39211,0.59008,0.23424
13,rag_only,10,0.114328,-4.913358,0.398886,0.59008,0.23424
14,oea_full,0,0.9875,-6.080065,0.502831,0.74632,0.14496
14,oea_full,1,0.185355,-5.977095,0.454742,0.74632,0.14496
14,oea_full,2,0.147855,-6.002872,0.496179,0.74632,0.14496
14,oea_full,3,0.095711,-6.041406,0.511728,0.74632,0.14496
14,oea_full,4,0.192678,-6.016528,0.478092,0.74632,0.14496
14,oea_full,5,0.217678,-6.099127,0.501076,0.74632,0.14496
14,oea_full,6,0.147855,-6.021506,0.474618,0.74632,0.14496
14,oea_full,7,0.183211,-6.108412,0.475278,0.74632,0.14496
14,oea_full,8,0.117678,-6.062765,0.502102,0.74632,0.14496
14,oea_full,9,0.140533,-6.042274,0.504841,0.74632,0.14496
14,oea_full,10,0.172855,-5.936819,0.476428,0.74632,0.14496
14,temperature_low,0,0.9875,-6.080065,0.502831,0.6052,0.2256
14,temperature_low,1,0.183211,-5.306713,0.416291,0.6052,0.2256
14,temperature_low,2,0.128033,-4.957306,0.380348,0.6052,0.2256
14,temperature_low,3,0.147855,-5.179697,0.426198,0.6052,0.2256
14,temperature_low,4,0.197855,-5.300063,0.401643,0.6052,0.2256
14,temperature_low,5,0.172855,-5.245678,0.409066,0.6052,0.2256
14,temperature_low,6,0.137184,-5.077847,0.391329,0.6052,0.2256
14,temperature_low,7,0.208211,-5.321389,0.403708,0.6052,0.2256
14,temperature_low,8,0.105178,-5.527297,0.467513,0.6052,0.2256
14,temperature_low,9,0.147855,-5.353934,0.433133,0.6052,0.2256
14,temperature_low,10,0.178033,-5.21386,0.428242,0.6052,0.2256
14,top_k,0,0.9875,-6.080065,0.502831,0.6052,0.2256
14,top_k,1,0.165533,-5.966231,0.474171,0.6052,0.2256
14,top_k,2,0.180178,-6.022228,0.482253,0.6052,0.2256
14,top_k,3,0.130178,-5.981405,0.518857,0.6052,0.2256
14,top_k,4,0.197855,-6.023643,0.490388,0.6052,0.2256
14,top_k,5,0.160355,-6.123056,0.511917,0.6052,0.2256
14,top_k,6,0.172855,-5.951237,0.475164,0.6052,0.2256
14,top_k,7,0.090533,-6.011571,0.509721,0.6052,0.2256
14,top_k,8,0.173296,-6.099555,0.504468,0.6052,0.2256
14,top_k,9,0.183211,-5.926358,0.44247,0.6052,0.2256
14,top_k,10,0.165533,-5.957767,0.477349,0.6052,0.2256
14,entropy_filter,0,0.9875,-6.080065,0.502831,0.6304,0.2112
14,entropy_filter,1,0.185355,-5.977095,0.454742,0.6304,0.2112
14,entropy_filter,2,0.147855,-6.002872,0.496179,0.6304,0.2112
14,entropy_filter,3,0.095711,-6.041406,0.511728,0.6304,0.2112
14,entropy_filter,4,0.192678,-6.016528,0.478092,0.6304,0.2112
14,entropy_filter,5,0.217678,-6.099127,0.501076,0.6304,0.2112
14,entropy_filter,6,0.147855,-6.021506,0.474618,0.6304,0.2112
14,entropy_filter,7,0.183211,-6.108412,0.475278,0.6304,0.2112
14,entropy_filter,8,0.117678,-6.062765,0.502102,0.6304,0.2112
14,entropy_filter,9,0.140533,-6.042274,0.504841,0.6304,0.2112
14,entropy_filter,10,0.172855,-5.936819,0.476428,0.6304,0.2112
14,repetition_penalty,0,0.9875,-6.080065,0.502831,0.6052,0.2256
14,repetition_penalty,1,0.175,-5.999489,0.464555,0.6052,0.2256
14,repetition_penalty,2,0.210355,-6.030026,0.474639,0.6052,0.2256
14,repetition_penalty,3,0.228033,-6.077899,0.498856,0.6052,0.2256
14,repetition_penalty,4,0.250888,-6.154739,0.463875,0.6052,0.2256
14,repetition_penalty,5,0.185355,-6.021068,0.465483,0.6052,0.2256
14,repetition_penalty,6,0.172855,-6.099356,0.492462,0.6052,0.2256
14,repetition_penalty,7,0.140533,-6.012968,0.492355,0.6052,0.2256
14,repetition_penalty,8,0.205178,-6.098666,0.495515,0.6052,0.2256
14,repetition_penalty,9,0.130178,-6.03303,0.464026,0.6052,0.2256
14,repetition_penalty,10,0.117678,-6.18886,0.504756,0.6052,0.2256
14,rag_only,0,0.9875,-6.080065,0.502831,0.59008,0.23424
14,rag_only,1,0.135355,-4.903792,0.395098,0.59008,0.23424
14,rag_only,2,0.110355,-4.938484,0.38526,0.59008,0.23424
14,rag_only,3,0.165974,-4.916214,0.391451,0.59008,0.23424
14,rag_only,4,0.135355,-4.914213,0.391022,0.59008,0.23424
14,rag_only,5,0.142678,-4.901033,0.404864,0.59008,0.23424
14,rag_only,6,0.130178,-4.932924,0.39998,0.59008,0.23424
14,rag_only,7,0.215533,-4.978263,0.39578,0.59008,0.23424
14,rag_only,8,0.105178,-4.881255,0.396134,0.59008,0.23424
14,rag_only,9,0.145711,-5.016505,0.414875,0.59008,0.23424
14,rag_only,10,0.130178,-4.957564,0.399902,0.59008,0.23424
15,oea_full,0,0.953033,-6.073656,0.476407,0.74632,0.14496
15,oea_full,1,0.224684,-6.051477,0.456149,0.74632,0.14496
15,oea_full,2,0.167678,-6.075572,0.495072,0.74632,0.14496
15,oea_full,3,0.147855,-5.933293,0.464874,0.74632,0.14496
15,oea_full,4,0.085355,-6.002064,0.458502,0.74632,0.14496
15,oea_full,5,0.142678,-6.064993,0.50738,0.74632,0.14496
15,oea_full,6,0.170711,-6.076392,0.491177,0.74632,0.14496
15,oea_full,7,0.178033,-5.895993,0.469542,0.74632,0.14496
15,oea_full,8,0.167361,-6.111946,0.501149,0.74632,0.14496
15,oea_full,9,0.139328,-6.076559,0.472459,0.74632,0.14496
15,oea_full,10,0.1125,-5.987,0.496875,0.74632,0.14496
15,temperature_low,0,0.953033,-6.073656,0.476407,0.6052,0.2256
15,temperature_low,1,0.196152,-5.393971,0.450163,0.6052,0.2256
15,temperature_low,2,0.188306,-5.172908,0.423761,0.6052,0.2256
15,temperature_low,3,0.213747,-5.011647,0.402903,0.6052,0.2256
15,temperature_low,4,0.142678,-5.348044,0.437495,0.6052,0.2256
15,temperature_low,5,0.158129,-5.082323,0.408159,0.6052,0.2256
15,temperature_low,6,0.175888,-5.518052,0.440691,0.6052,0.2256
15,temperature_low,7,0.193566,-5.400136,0.462647,0.6052,0.2256
15,temperature_low,8,0.201828,-5.202466,0.396244,0.6052,0.2256
15,temperature_low,9,0.275888,-5.263312,0.428217,0.6052,0.2256
15,temperature_low,10,0.208211,-5.193742,0.388539,0.6052,0.2256
15,top_k,0,0.953033,-6.073656,0.476407,0.6052,0.2256
15,top_k,1,0.203033,-6.072436,0.508656,0.6052,0.2256
15,top_k,2,0.1,-5.985043,0.48071,0.6052,0.2256
15,top_k,3,0.192678,-5.989805,0.478474,0.6052,0.2256
15,top_k,4,0.208211,-5.948705,0.455715,0.6052,0.2256
15,top_k,5,0.160355,-6.074177,0.502341,0.6052,0.2256
15,top_k,6,0.15,-6.067126,0.496188,0.6052,0.2256
15,top_k,7,0.142678,-5.995577,0.466746,0.6052,0.2256
15,top_k,8,0.140533,-5.826041,0.470979,0.6052,0.2256
15,top_k,9,0.197855,-6.125798,0.520057,0.6052,0.2256
15,top_k,10,0.210355,-6.068462,0.512154,0.6052,0.2256
15,entropy_filter,0,0.953033,-6.073656,0.476407,0.6304,0.2112
15,entropy_filter,1,0.224684,-6.051477,0.456149,0.6304,0.2112
15,entropy_filter,2,0.167678,-6.075572,0.495072,0.6304,0.2112
15,entropy_filter,3,0.147855,-5.933293,0.464874,0.6304,0.2112
15,entropy_filter,4,0.085355,-6.002064,0.458502,0.6304,0.2112
15,entropy_filter,5,0.142678,-6.064993,0.50738,0.6304,0.2112
15,entropy_filter,6,0.170711,-6.076392,0.491177,0.6304,0.2112
15,entropy_filter,7,0.178033,-5.895993,0.469542,0.6304,0.2112
15,entropy_filter,8,0.167361,-6.111946,0.501149,0.6304,0.2112
15,entropy_filter,9,0.139328,-6.076559,0.472459,0.6304,0.2112
15,entropy_filter,10,0.1125,-5.987,0.496875,0.6304,0.2112
15,repetition_penalty,0,0.953033,-6.073656,0.476407,0.6052,0.2256
15,repetition_penalty,1,0.180178,-6.101237,0.499886,0.6052,0.2256
15,repetition_penalty,2,0.1375,-6.065086,0.489029,0.6052,0.2256
15,repetition_penalty,3,0.155178,-6.125056,0.518313,0.6052,0.2256
15,repetition_penalty,4,0.185355,-6.104181,0.492773,0.6052,0.2256
15,repetition_penalty,5,0.122855,-6.049515,0.481596,0.6052,0.2256
15,repetition_penalty,6,0.178033,-6.047721,0.496748,0.6052,0.2256
15,repetition_penalty,7,0.15,-6.07339,0.503608,0.6052,0.2256
15,repetition_penalty,8,0.158211,-5.919953,0.470525,0.6052,0.2256
15,repetition_penalty,9,0.117678,-6.160563,0.495999,0.6052,0.2256
15,repetition_penalty,10,0.233211,-6.138256,0.501703,0.6052,0.2256
15,rag_only,0,0.953033,-6.073656,0.476407,0.59008,0.23424
15,rag_only,1,0.237184,-4.953235,0.418604,0.59008,0.23424
15,rag_only,2,0.199684,-5.017466,0.407959,0.59008,0.23424
15,rag_only,3,0.162184,-4.919613,0.403479,0.59008,0.23424
15,rag_only,4,0.203033,-4.99063,0.412809,0.59008,0.23424
15,rag_only,5,0.221334,-4.890691,0.387617,0.59008,0.23424
15,rag_only,6,0.212184,-4.978191,0.40448,0.59008,0.23424
15,rag_only,7,0.215217,-5.021337,0.404347,0.59008,0.23424
15,rag_only,8,0.224684,-4.960793,0.407321,0.59008,0.23424
15,rag_only,9,0.217361,-4.98763,0.400796,0.59008,0.23424
15,rag_only,10,0.228033,-4.998021,0.399002,0.59008,0.23424
16,oea_full,0,0.9875,-6.035779,0.501243,0.74632,0.14496
16,oea_full,1,0.1625,-5.968642,0.468059,0.74632,0.14496
16,oea_full,2,0.1375,-6.038155,0.498341,0.74632,0.14496
16,oea_full,3,0.145711,-6.005589,0.468208,0.74632,0.14496
16,oea_full,4,0.1125,-6.074628,0.499973,0.74632,0.14496
16,oea_full,5,0.235355,-6.073592,0.49058,0.74632,0.14496
16,oea_full,6,0.147855,-5.982201,0.483732,0.74632,0.14496
16,oea_full,7,0.165533,-6.049005,0.483727,0.74632,0.14496
16,oea_full,8,0.167678,-6.018158,0.490021,0.74632,0.14496
16,oea_full,9,0.140533,-6.091104,0.522059,0.74632,0.14496
16,oea_full,10,0.170711,-5.942092,0.490467,0.74632,0.14496
16,temperature_low,0,0.9875,-6.035779,0.501243,0.6052,0.2256
16,temperature_low,1,0.206066,-5.157907,0.407857,0.6052,0.2256
16,temperature_low,2,0.160355,-5.180045,0.425583,0.6052,0.2256
16,temperature_low,3,0.140533,-5.34765,0.415795,0.6052,0.2256
16,temperature_low,4,0.205178,-5.270038,0.42225,0.6052,0.2256
16,temperature_low,5,0.190533,-5.033771,0.405176,0.6052,0.2256
16,temperature_low,6,0.160355,-5.462415,0.449959,0.6052,0.2256
16,temperature_low,7,0.130178,-5.029111,0.404559,0.6052,0.2256
16,temperature_low,8,0.188388,-4.926302,0.375228,0.6052,0.2256
16,temperature_low,9,0.117678,-5.115483,0.408479,0.6052,0.2256
16,temperature_low,10,0.110355,-5.47033,0.464146,0.6052,0.2256
16,top_k,0,0.9875,-6.035779,0.501243,0.6052,0.2256
16,top_k,1,0.157006,-5.831572,0.457766,0.6052,0.2256
16,top_k,2,0.158211,-6.153585,0.515442,0.6052,0.2256
16,top_k,3,0.117678,-5.897974,0.449638,0.6052,0.2256
16,top_k,4,0.122855,-6.011602,0.504416,0.6052,0.2256
16,top_k,5,0.175,-6.015987,0.503432,0.6052,0.2256
16,top_k,6,0.125,-6.122917,0.529349,0.6052,0.2256
16,top_k,7,0.230178,-5.985203,0.487674,0.6052,0.2256
16,top_k,8,0.145711,-5.906606,0.465527,0.6052,0.2256
16,top_k,9,0.130178,-6.000464,0.477556,0.6052,0.2256
16,top_k,10,0.147855,-6.076263,0.496384,0.6052,0.2256
16,entropy_filter,0,0.9875,-6.035779,0.501243,0.6304,0.2112
16,entropy_filter,1,0.1625,-5.968642,0.468059,0.6304,0.2112
16,entropy_filter,2,0.1375,-6.038155,0.498341,0.6304,0.2112
16,entropy_filter,3,0.145711,-6.005589,0.468208,0.6304,0.2112
16,entropy_filter,4,0.1125,-6.074628,0.499973,0.6304,0.2112
16,entropy_filter,5,0.235355,-6.073592,0.49058,0.6304,0.2112
16,entropy_filter,6,0.147855,-5.982201,0.483732,0.6304,0.2112
16,entropy_filter,7,0.165533,-6.049005,0.483727,0.6304,0.2112
16,entropy_filter,8,0.167678,-6.018158,0.490021,0.6304,0.2112
16,entropy_filter,9,0.140533,-6.091104,0.522059,0.6304,0.2112
16,entropy_filter,10,0.170711,-5.942092,0.490467,0.6304,0.2112
16,repetition_penalty,0,0.9875,-6.035779,0.501243,0.6052,0.2256
16,repetition_penalty,1,0.215533,-6.00086,0.476687,0.6052,0.2256
16,repetition_penalty,2,0.122855,-6.164491,0.514522,0.6052,0.2256
16,repetition_penalty,3,0.142678,-6.026521,0.481966,0.6052,0.2256
16,repetition_penalty,4,0.158211,-6.104828,0.499285,0.6052,0.2256
16,repetition_penalty,5,0.180178,-6.068595,0.498704,0.6052,0.2256
16,repetition_penalty,6,0.175,-6.051707,0.50587,0.6052,0.2256
16,repetition_penalty,7,0.185355,-6.08049,0.473752,0.6052,0.2256
16,repetition_penalty,8,0.130178,-6.049152,0.485907,0.6052,0.2256
16,repetition_penalty,9,0.155178,-6.202346,0.473899,0.6052,0.2256
16,repetition_penalty,10,0.178033,-6.130991,0.50194,0.6052,0.2256
16,rag_only,0,0.9875,-6.035779,0.501243,0.59008,0.23424
16,rag_only,1,0.185355,-4.861896,0.387799,0.59008,0.23424
16,rag_only,2,0.183211,-4.938111,0.396013,0.59008,0.23424
16,rag_only,3,0.208211,-4.955789,0.411056,0.59008,0.23424
16,rag_only,4,0.147855,-5.019522,0.405457,0.59008,0.23424
16,rag_only,5,0.160355,-4.916196,0.387217,0.59008,0.23424
16,rag_only,6,0.170711,-4.93213,0.401312,0.59008,0.23424
16,rag_only,7,0.155178,-4.969434,0.387074,0.59008,0.23424
16,rag_only,8,0.160355,-4.935516,0.405699,0.59008,0.23424
16,rag_only,9,0.197855,-4.959048,0.409426,0.59008,0.23424
16,rag_only,10,0.147855,-4.959207,0.400367,0.59008,0.23424
17,oea_full,0,0.975,-6.16433,0.501488,0.74632,0.14496
17,oea_full,1,0.105178,-6.111408,0.490125,0.74632,0.14496
17,oea_full,2,0.130178,-5.988974,0.468786,0.74632,0.14496
17,oea_full,3,0.125,-6.041331,0.481516,0.74632,0.14496
17,oea_full,4,0.130178,-6.051983,0.492551,0.74632,0.14496
17,oea_full,5,0.085355,-5.989991,0.453364,0.74632,0.14496
17,oea_full,6,0.093119,-5.954508,0.49367,0.74632,0.14496
17,oea_full,7,0.1125,-6.073186,0.493067,0.74632,0.14496
17,oea_full,8,0.140533,-6.069045,0.507138,0.74632,0.14496
17,oea_full,9,0.1375,-6.056049,0.491606,0.74632,0.14496
17,oea_full,10,0.172855,-5.981479,0.460011,0.74632,0.14496
17,temperature_low,0,0.975,-6.16433,0.501488,0.6052,0.2256
17,temperature_low,1,0.163388,-4.852864,0.374594,0.6052,0.2256
17,temperature_low,2,0.142678,-4.994905,0.408974,0.6052,0.2256
17,temperature_low,3,0.147855,-5.071573,0.391622,0.6052,0.2256
17,temperature_low,4,0.147855,-5.705664,0.454982,0.6052,0.2256
17,temperature_low,5,0.075,-5.295418,0.438661,0.6052,0.2256
17,temperature_low,6,0.122855,-5.147619,0.384146,0.6052,0.2256
17,temperature_low,7,0.170711,-5.022942,0.384736,0.6052,0.2256
17,temperature_low,8,0.0875,-5.49749,0.427898,0.6052,0.2256
17,temperature_low,9,0.160355,-5.353363,0.415908,0.6052,0.2256
17,temperature_low,10,0.167678,-5.326021,0.39935,0.6052,0.2256
17,top_k,0,0.975,-6.16433,0.501488,0.6052,0.2256
17,top_k,1,0.105178,-5.943803,0.465899,0.6052,0.2256
17,top_k,2,0.130178,-6.05619,0.475592,0.6052,0.2256
17,top_k,3,0.122855,-6.131788,0.504724,0.6052,0.2256
17,top_k,4,0.142678,-5.854352,0.44759,0.6052,0.2256
17,top_k,5,0.185355,-5.884976,0.460261,0.6052,0.2256
17,top_k,6,0.170711,-6.049667,0.483889,0.6052,0.2256
17,top_k,7,0.155178,-5.96392,0.486406,0.6052,0.2256
17,top_k,8,0.142678,-6.025551,0.48653,0.6052,0.2256
17,top_k,9,0.1,-6.016406,0.485624,0.6052,0.2256
17,top_k,10,0.185355,-6.074708,0.498656,0.6052,0.2256
17,entropy_filter,0,0.975,-6.16433,0.501488,0.6304,0.2112
17,entropy_filter,1,0.105178,-6.111408,0.490125,0.6304,0.2112
17,entropy_filter,2,0.130178,-5.988974,0.468786,0.6304,0.2112
17,entropy_filter,3,0.125,-6.041331,0.481516,0.6304,0.2112
17,entropy_filter,4,0.130178,-6.051983,0.492551,0.6304,0.2112
17,entropy_filter,5,0.085355,-5.989991,0.453364,0.6304,0.2112
17,entropy_filter,6,0.093119,-5.954508,0.49367,0.6304,0.2112
17,entropy_filter,7,0.1125,-6.073186,0.493067,0.6304,0.2112
17,entropy_filter,8,0.140533,-6.069045,0.507138,0.6304,0.2112
17,entropy_filter,9,0.1375,-6.056049,0.491606,0.6304,0.2112
17,entropy_filter,10,0.172855,-5.981479,0.460011,0.6304,0.2112
17,repetition_penalty,0,0.975,-6.16433,0.501488,0.6052,0.2256
17,repetition_penalty,1,0.190533,-6.133886,0.492067,0.6052,0.2256
17,repetition_penalty,2,0.172855,-6.135264,0.494585,0.6052,0.2256
17,repetition_penalty,3,0.140533,-6.079998,0.479079,0.6052,0.2256
17,repetition_penalty,4,0.272855,-6.112621,0.474828,0.6052,0.2256
17,repetition_penalty,5,0.103033,-6.023968,0.480511,0.6052,0.2256
17,repetition_penalty,6,0.142678,-6.126805,0.507902,0.6052,0.2256
17,repetition_penalty,7,0.160355,-6.075801,0.518328,0.6052,0.2256
17,repetition_penalty,8,0.092678,-6.168434,0.485142,0.6052,0.2256
17,repetition_penalty,9,0.155178,-6.128555,0.510457,0.6052,0.2256
17,repetition_penalty,10,0.172855,-5.932465,0.472567,0.6052,0.2256
17,rag_only,0,0.975,-6.16433,0.501488,0.59008,0.23424
17,rag_only,1,0.140533,-5.021815,0.408184,0.59008,0.23424
17,rag_only,2,0.103033,-4.997548,0.390146,0.59008,0.23424
17,rag_only,3,0.170711,-4.991014,0.407906,0.59008,0.23424
17,rag_only,4,0.115533,-4.993775,0.391596,0.59008,0.23424
17,rag_only,5,0.140533,-4.985896,0.41276,0.59008,0.23424
17,rag_only,6,0.138388,-4.986379,0.40587,0.59008,0.23424
17,rag_only,7,0.145711,-4.907132,0.38979,0.59008,0.23424
17,rag_only,8,0.115533,-4.84627,0.38768,0.59008,0.23424
17,rag_only,9,0.170711,-4.976217,0.384848,0.59008,0.23424
17,rag_only,10,0.175888,-4.900911,0.401809,0.59008,0.23424
18,oea_full,0,0.9875,-6.010637,0.489458,0.74632,0.14496
18,oea_full,1,0.172855,-6.013686,0.487916,0.74632,0.14496
18,oea_full,2,0.105178,-6.078006,0.499668,0.74632,0.14496
18,oea_full,3,0.147855,-6.014591,0.478838,0.74632,0.14496
18,oea_full,4,0.155178,-5.986675,0.495322,0.74632,0.14496
18,oea_full,5,0.172855,-6.081434,0.485632,0.74632,0.14496
18,oea_full,6,0.178033,-6.003406,0.452073,0.74632,0.14496
18,oea_full,7,0.117678,-6.083761,0.477717,0.74632,0.14496
18,oea_full,8,0.180178,-6.083337,0.465237,0.74632,0.14496
18,oea_full,9,0.122855,-5.998377,0.490168,0.74632,0.14496
18,oea_full,10,0.192678,-5.903117,0.477065,0.74632,0.14496
18,temperature_low,0,0.9875,-6.010637,0.489458,0.6052,0.2256
18,temperature_low,1,0.1375,-5.289374,0.415085,0.6052,0.2256
18,temperature_low,2,0.097855,-5.454248,0.44229,0.6052,0.2256
18,temperature_low,3,0.183211,-5.019782,0.413109,0.6052,0.2256
18,temperature_low,4,0.188388,-5.333359,0.408162,0.6052,0.2256
18,temperature_low,5,0.142678,-5.115412,0.388486,0.6052,0.2256
18,temperature_low,6,0.160355,-5.55951,0.444631,0.6052,0.2256
18,temperature_low,7,0.165974,-4.941277,0.404091,0.6052,0.2256
18,temperature_low,8,0.208652,-5.001529,0.427656,0.6052,0.2256
18,temperature_low,9,0.163306,-5.242028,0.401458,0.6052,0.2256
18,temperature_low,10,0.122855,-5.38156,0.434492,0.6052,0.2256
18,top_k,0,0.9875,-6.010637,0.489458,0.6052,0.2256
18,top_k,1,0.1875,-5.981434,0.468781,0.6052,0.2256
18,top_k,2,0.130178,-6.021067,0.478017,0.6052,0.2256
18,top_k,3,0.172855,-5.87477,0.457683,0.6052,0.2256
18,top_k,4,0.226828,-6.090798,0.485321,0.6052,0.2256
18,top_k,5,0.219506,-6.101097,0.50351,0.6052,0.2256
18,top_k,6,0.117678,-6.032314,0.491436,0.6052,0.2256
18,top_k,7,0.130178,-6.118739,0.537537,0.6052,0.2256
18,top_k,8,0.0875,-6.093069,0.505707,0.6052,0.2256
18,top_k,9,0.167678,-5.955892,0.467801,0.6052,0.2256
18,top_k,10,0.147855,-6.067478,0.505163,0.6052,0.2256
18,entropy_filter,0,0.9875,-6.010637,0.489458,0.6304,0.2112
18,entropy_filter,1,0.172855,-6.013686,0.487916,0.6304,0.2112
18,entropy_filter,2,0.105178,-6.078006,0.499668,0.6304,0.2112
18,entropy_filter,3,0.147855,-6.014591,0.478838,0.6304,0.2112
18,entropy_filter,4,0.155178,-5.986675,0.495322,0.6304,0.2112
18,entropy_filter,5,0.172855,-6.081434,0.485632,0.6304,0.2112
18,entropy_filter,6,0.178033,-6.003406,0.452073,0.6304,0.2112
18,entropy_filter,7,0.117678,-6.083761,0.477717,0.6304,0.2112
18,entropy_filter,8,0.180178,-6.083337,0.465237,0.6304,0.2112
18,entropy_filter,9,0.122855,-5.998377,0.490168,0.6304,0.2112
18,entropy_filter,10,0.192678,-5.903117,0.477065,0.6304,0.2112
18,repetition_penalty,0,0.9875,-6.010637,0.489458,0.6052,0.2256
18,repetition_penalty,1,0.242678,-6.146939,0.454795,0.6052,0.2256
18,repetition_penalty,2,0.135355,-5.981999,0.451832,0.6052,0.2256
18,repetition_penalty,3,0.197855,-6.025297,0.469837,0.6052,0.2256
18,repetition_penalty,4,0.178033,-6.128328,0.488202,0.6052,0.2256
18,repetition_penalty,5,0.167678,-5.993778,0.480599,0.6052,0.2256
18,repetition_penalty,6,0.125,-6.133986,0.494601,0.6052,0.2256
18,repetition_penalty,7,0.172855,-6.158969,0.505327,0.6052,0.2256
18,repetition_penalty,8,0.125,-6.16752,0.481507,0.6052,0.2256
18,repetition_penalty,9,0.140533,-6.122629,0.504436,0.6052,0.2256
18,repetition_penalty,10,0.142678,-6.097789,0.505416,0.6052,0.2256
18,rag_only,0,0.9875,-6.010637,0.489458,0.59008,0.23424
18,rag_only,1,0.142678,-4.998233,0.381431,0.59008,0.23424
18,rag_only,2,0.092678,-4.96174,0.405924,0.59008,0.23424
18,rag_only,3,0.115533,-5.019063,0.413464,0.59008,0.23424
18,rag_only,4,0.105178,-4.969619,0.403476,0.59008,0.23424
18,rag_only,5,0.097855,-4.876217,0.395026,0.59008,0.23424
18,rag_only,6,0.130178,-4.929113,0.395971,0.59008,0.23424
18,rag_only,7,0.153033,-4.992815,0.403506,0.59008,0.23424
18,rag_only,8,0.160355,-5.021065,0.399325,0.59008,0.23424
18,rag_only,9,0.155178,-5.014182,0.418925,0.59008,0.23424
18,rag_only,10,0.191157,-4.969815,0.393497,0.59008,0.23424
19,oea_full,0,0.992678,-6.065178,0.51116,0.74632,0.14496
19,oea_full,1,0.125,-5.992604,0.502972,0.74632,0.14496
19,oea_full,2,0.130178,-5.937513,0.461297,0.74632,0.14496
19,oea_full,3,0.185355,-6.004118,0.462827,0.74632,0.14496
19,oea_full,4,0.185355,-6.043015,0.475328,0.74632,0.14496
19,oea_full,5,0.253033,-5.975451,0.501576,0.74632,0.14496
19,oea_full,6,0.217678,-6.053961,0.469073,0.74632,0.14496
19,oea_full,7,0.142678,-5.946386,0.466295,0.74632,0.14496
19,oea_full,8,0.165533,-6.12135,0.52782,0.74632,0.14496
19,oea_full,9,0.210355,-6.051172,0.471802,0.74632,0.14496
19,oea_full,10,0.1625,-5.926623,0.468457,0.74632,0.14496
19,temperature_low,0,0.992678,-6.065178,0.51116,0.6052,0.2256
19,temperature_low,1,0.128033,-5.260525,0.391922,0.6052,0.2256
19,temperature_low,2,0.160355,-5.012654,0.38457,0.6052,0.2256
19,temperature_low,3,0.130178,-5.062334,0.420268,0.6052,0.2256
19,temperature_low,4,0.192678,-5.178543,0.422654,0.6052,0.2256
19,temperature_low,5,0.175888,-5.342048,0.424148,0.6052,0.2256
19,temperature_low,6,0.110355,-5.075615,0.41144,0.6052,0.2256
19,temperature_low,7,0.105178,-5.198229,0.40021,0.6052,0.2256
19,temperature_low,8,0.139328,-5.142539,0.418581,0.6052,0.2256
19,temperature_low,9,0.120711,-5.497101,0.466828,0.6052,0.2256
19,temperature_low,10,0.105178,-5.197279,0.411879,0.6052,0.2256
19,top_k,0,0.992678,-6.065178,0.51116,0.6052,0.2256
19,top_k,1,0.105178,-6.060305,0.484832,0.6052,0.2256
19,top_k,2,0.0625,-6.099979,0.505719,0.6052,0.2256
19,top_k,3,0.1,-5.963784,0.501562,0.6052,0.2256
19,top_k,4,0.142678,-5.771274,0.445323,0.6052,0.2256
19,top_k,5,0.246651,-6.04537,0.488003,0.6052,0.2256
19,top_k,6,0.117678,-5.989901,0.491197,0.6052,0.2256
19,top_k,7,0.128033,-5.870729,0.453049,0.6052,0.2256
19,top_k,8,0.192678,-6.1351,0.504353,0.6052,0.2256
19,top_k,9,0.185355,-5.940626,0.47489,0.6052,0.2256
19,top_k,10,0.197855,-6.018569,0.484651,0.6052,0.2256
19,entropy_filter,0,0.992678,-6.065178,0.51116,0.6304,0.2112
19,entropy_filter,1,0.125,-5.992604,0.502972,0.6304,0.2112
19,entropy_filter,2,0.130178,-5.937513,0.461297,0.6304,0.2112
19,entropy_filter,3,0.185355,-6.004118,0.462827,0.6304,0.2112
19,entropy_filter,4,0.185355,-6.043015,0.475328,0.6304,0.2112
19,entropy_filter,5,0.253033,-5.975451,0.501576,0.6304,0.2112
19,entropy_filter,6,0.217678,-6.053961,0.469073,0.6304,0.2112
19,entropy_filter,7,0.142678,-5.946386,0.466295,0.6304,0.2112
19,entropy_filter,8,0.165533,-6.12135,0.52782,0.6304,0.2112
19,entropy_filter,9,0.210355,-6.051172,0.471802,0.6304,0.2112
19,entropy_filter,10,0.1625,-5.926623,0.468457,0.6304,0.2112
19,repetition_penalty,0,0.992678,-6.065178,0.51116,0.6052,0.2256
19,repetition_penalty,1,0.117678,-6.089467,0.494089,0.6052,0.2256
19,repetition_penalty,2,0.185355,-6.079246,0.487686,0.6052,0.2256
19,repetition_penalty,3,0.167678,-6.133521,0.498812,0.6052,0.2256
19,repetition_penalty,4,0.155178,-5.891632,0.449052,0.6052,0.2256
19,repetition_penalty,5,0.180178,-6.132967,0.491955,0.6052,0.2256
19,repetition_penalty,6,0.117678,-6.142058,0.483461,0.6052,0.2256
19,repetition_penalty,7,0.122855,-6.001244,0.4528,0.6052,0.2256
19,repetition_penalty,8,0.2125,-6.185721,0.522793,0.6052,0.2256
19,repetition_penalty,9,0.192678,-6.13712,0.475578,0.6052,0.2256
19,repetition_penalty,10,0.192678,-6.041735,0.487919,0.6052,0.2256
19,rag_only,0,0.992678,-6.065178,0.51116,0.59008,0.23424
19,rag_only,1,0.105178,-5.019262,0.394236,0.59008,0.23424
19,rag_only,2,0.122855,-4.9495,0.400886,0.59008,0.23424
19,rag_only,3,0.105178,-4.963725,0.393054,0.59008,0.23424
19,rag_only,4,0.080178,-4.990986,0.406242,0.59008,0.23424
19,rag_only,5,0.085355,-4.928755,0.403681,0.59008,0.23424
19,rag_only,6,0.130178,-4.928966,0.408138,0.59008,0.23424
19,rag_only,7,0.097855,-4.890235,0.398765,0.59008,0.23424
19,rag_only,8,0.160355,-4.928713,0.381643,0.59008,0.23424
19,rag_only,9,0.210355,-4.928695,0.401106,0.59008,0.23424
19,rag_only,10,0.135355,-4.973056,0.40179,0.59008,0.23424
